<metadata xml:lang="en"><Esri><CreaDate>20101220</CreaDate><CreaTime>16483600</CreaTime><ArcGISFormat>1.0</ArcGISFormat><ArcGISstyle>FGDC CSDGM Metadata</ArcGISstyle><SyncOnce>FALSE</SyncOnce><DataProperties><itemProps><itemName Sync="TRUE">Stations_2012_Analysis</itemName><imsContentType Sync="TRUE">002</imsContentType><itemLocation><linkage Sync="TRUE">file://\\deqhq1\MPSARIS\GitHub\ToxicsRedo\Estuary_Analysis\Stations_2012_Analysis.shp</linkage><protocol Sync="TRUE">Local Area Network</protocol></itemLocation><nativeExtBox><westBL Sync="TRUE">175644.087270</westBL><eastBL Sync="TRUE">2258230.270997</eastBL><southBL Sync="TRUE">84378.830381</southBL><northBL Sync="TRUE">1684100.515420</northBL><exTypeCode Sync="TRUE">1</exTypeCode></nativeExtBox><itemSize Sync="TRUE">0.000</itemSize></itemProps><coordRef><type Sync="TRUE">Projected</type><geogcsn Sync="TRUE">GCS_North_American_1983</geogcsn><projcsn Sync="TRUE">NAD_1983_Oregon_Statewide_Lambert_Feet_Intl</projcsn><peXml Sync="TRUE">&lt;ProjectedCoordinateSystem xsi:type='typens:ProjectedCoordinateSystem' xmlns:xsi='http://www.w3.org/2001/XMLSchema-instance' xmlns:xs='http://www.w3.org/2001/XMLSchema' xmlns:typens='http://www.esri.com/schemas/ArcGIS/10.1'&gt;&lt;WKT&gt;PROJCS[&amp;quot;NAD_1983_Oregon_Statewide_Lambert_Feet_Intl&amp;quot;,GEOGCS[&amp;quot;GCS_North_American_1983&amp;quot;,DATUM[&amp;quot;D_North_American_1983&amp;quot;,SPHEROID[&amp;quot;GRS_1980&amp;quot;,6378137.0,298.257222101]],PRIMEM[&amp;quot;Greenwich&amp;quot;,0.0],UNIT[&amp;quot;Degree&amp;quot;,0.0174532925199433]],PROJECTION[&amp;quot;Lambert_Conformal_Conic&amp;quot;],PARAMETER[&amp;quot;False_Easting&amp;quot;,1312335.958005249],PARAMETER[&amp;quot;False_Northing&amp;quot;,0.0],PARAMETER[&amp;quot;Central_Meridian&amp;quot;,-120.5],PARAMETER[&amp;quot;Standard_Parallel_1&amp;quot;,43.0],PARAMETER[&amp;quot;Standard_Parallel_2&amp;quot;,45.5],PARAMETER[&amp;quot;Latitude_Of_Origin&amp;quot;,41.75],UNIT[&amp;quot;Foot&amp;quot;,0.3048],AUTHORITY[&amp;quot;EPSG&amp;quot;,2992]]&lt;/WKT&gt;&lt;XOrigin&gt;-118489100&lt;/XOrigin&gt;&lt;YOrigin&gt;-97381100&lt;/YOrigin&gt;&lt;XYScale&gt;37592196.316242374&lt;/XYScale&gt;&lt;ZOrigin&gt;-100000&lt;/ZOrigin&gt;&lt;ZScale&gt;10000&lt;/ZScale&gt;&lt;MOrigin&gt;-100000&lt;/MOrigin&gt;&lt;MScale&gt;10000&lt;/MScale&gt;&lt;XYTolerance&gt;0.0032808398950131233&lt;/XYTolerance&gt;&lt;ZTolerance&gt;0.001&lt;/ZTolerance&gt;&lt;MTolerance&gt;0.001&lt;/MTolerance&gt;&lt;HighPrecision&gt;true&lt;/HighPrecision&gt;&lt;WKID&gt;2992&lt;/WKID&gt;&lt;LatestWKID&gt;2992&lt;/LatestWKID&gt;&lt;/ProjectedCoordinateSystem&gt;</peXml><csUnits Sync="TRUE">Linear Unit: Foot (0.304800)</csUnits></coordRef><lineage><Process ToolSource="C:\Program Files\ArcGIS\Desktop10.0\ArcToolbox\Toolboxes\Conversion Tools.tbx\FeatureClassToFeatureClass" Date="20101220" Time="164839" Name="" export="">FeatureClassToFeatureClass \\deqhq1\GISLibrary\Base_Data\DEQ_Data\WQ_2010_IntegratedReport\Assessment.gdb\StationUse2010 \\deqhq1\GISLibrary\Base_Data\DEQ_Data\WQ_2010_IntegratedReport\Assessment.gdb\Stations ORLAM # "STATION "STATION" true true false 4 Long 0 0 ,First,#,\\deqhq1\GISLibrary\Base_Data\DEQ_Data\WQ_2010_IntegratedReport\Assessment.gdb\StationUse2010,STATION,-1,-1;DESCRIPTION "DESCRIPTION" true true false 255 Text 0 0 ,First,#,\\deqhq1\GISLibrary\Base_Data\DEQ_Data\WQ_2010_IntegratedReport\Assessment.gdb\StationUse2010,DESCRIPTION,-1,-1;DEC_LAT "DEC_LAT" true true false 8 Double 0 0 ,First,#,\\deqhq1\GISLibrary\Base_Data\DEQ_Data\WQ_2010_IntegratedReport\Assessment.gdb\StationUse2010,DEC_LAT,-1,-1;DEC_LONG "DEC_LONG" true true false 8 Double 0 0 ,First,#,\\deqhq1\GISLibrary\Base_Data\DEQ_Data\WQ_2010_IntegratedReport\Assessment.gdb\StationUse2010,DEC_LONG,-1,-1;RIVER_MILE "RIVER_MILE" true true false 8 Double 0 0 ,First,#,\\deqhq1\GISLibrary\Base_Data\DEQ_Data\WQ_2010_IntegratedReport\Assessment.gdb\StationUse2010,RIVER_MILE,-1,-1;LLID "LLID" true true false 250 Text 0 0 ,First,#,\\deqhq1\GISLibrary\Base_Data\DEQ_Data\WQ_2010_IntegratedReport\Assessment.gdb\StationUse2010,LLID,-1,-1;RIVER_MILE_LAKE "RIVER_MILE_LAKE" true true false 8 Double 0 0 ,First,#,\\deqhq1\GISLibrary\Base_Data\DEQ_Data\WQ_2010_IntegratedReport\Assessment.gdb\StationUse2010,RIVER_MILE_LAKE,-1,-1;LAKE_LLID "LAKE_LLID" true true false 255 Text 0 0 ,First,#,\\deqhq1\GISLibrary\Base_Data\DEQ_Data\WQ_2010_IntegratedReport\Assessment.gdb\StationUse2010,LAKE_LLID,-1,-1;LAKE_NAME "LAKE_NAME" true true false 255 Text 0 0 ,First,#,\\deqhq1\GISLibrary\Base_Data\DEQ_Data\WQ_2010_IntegratedReport\Assessment.gdb\StationUse2010,LAKE_NAME,-1,-1;GIS_Source_LAKE "GIS_Source_LAKE" true true false 255 Text 0 0 ,First,#,\\deqhq1\GISLibrary\Base_Data\DEQ_Data\WQ_2010_IntegratedReport\Assessment.gdb\StationUse2010,GIS_Source_LAKE,-1,-1;USE "USE" true true false 2 Short 0 0 ,First,#,\\deqhq1\GISLibrary\Base_Data\DEQ_Data\WQ_2010_IntegratedReport\Assessment.gdb\StationUse2010,USE,-1,-1;DontUse_2010 "DontUse_2010" true true false 2 Short 0 0 ,First,#,\\deqhq1\GISLibrary\Base_Data\DEQ_Data\WQ_2010_IntegratedReport\Assessment.gdb\StationUse2010,DontUse_2010,-1,-1;GIS_LLID "GIS_LLID" true true false 255 Text 0 0 ,First,#,\\deqhq1\GISLibrary\Base_Data\DEQ_Data\WQ_2010_IntegratedReport\Assessment.gdb\StationUse2010,GIS_LLID,-1,-1;GIS_RM "GIS_RM" true true false 8 Double 0 0 ,First,#,\\deqhq1\GISLibrary\Base_Data\DEQ_Data\WQ_2010_IntegratedReport\Assessment.gdb\StationUse2010,GIS_RM,-1,-1;GIS_STREAMNAME "GIS_STREAMNAME" true true false 255 Text 0 0 ,First,#,\\deqhq1\GISLibrary\Base_Data\DEQ_Data\WQ_2010_IntegratedReport\Assessment.gdb\StationUse2010,GIS_STREAMNAME,-1,-1;GIS_SnapDistance "GIS_SnapDistance" true true false 8 Double 0 0 ,First,#,\\deqhq1\GISLibrary\Base_Data\DEQ_Data\WQ_2010_IntegratedReport\Assessment.gdb\StationUse2010,GIS_SnapDistance,-1,-1;GIS_RiverFeet "GIS_RiverFeet" true true false 8 Double 0 0 ,First,#,\\deqhq1\GISLibrary\Base_Data\DEQ_Data\WQ_2010_IntegratedReport\Assessment.gdb\StationUse2010,GIS_RiverFeet,-1,-1;RMLLID_Verified "RMLLID_Verified" true true false 2 Short 0 0 ,First,#,\\deqhq1\GISLibrary\Base_Data\DEQ_Data\WQ_2010_IntegratedReport\Assessment.gdb\StationUse2010,RMLLID_Verified,-1,-1;GIS_Source "GIS_Source" true true false 255 Text 0 0 ,First,#,\\deqhq1\GISLibrary\Base_Data\DEQ_Data\WQ_2010_IntegratedReport\Assessment.gdb\StationUse2010,GIS_Source,-1,-1;LOCATION_VERIFIED_2010 "LOCATION_VERIFIED_2010" true true false 2 Short 0 0 ,First,#,\\deqhq1\GISLibrary\Base_Data\DEQ_Data\WQ_2010_IntegratedReport\Assessment.gdb\StationUse2010,LOCATION_VERIFIED_2010,-1,-1;HUC_3rd_Field "HUC_3rd_Field" true true false 255 Text 0 0 ,First,#,\\deqhq1\GISLibrary\Base_Data\DEQ_Data\WQ_2010_IntegratedReport\Assessment.gdb\StationUse2010,HUC_3rd_Field,-1,-1;Location_Change_2010 "Location_Change_2010" true true false 2 Short 0 0 ,First,#,\\deqhq1\GISLibrary\Base_Data\DEQ_Data\WQ_2010_IntegratedReport\Assessment.gdb\StationUse2010,Location_Change_2010,-1,-1;Lat_Long_Change_2010 "Lat_Long_Change_2010" true true false 2 Short 0 0 ,First,#,\\deqhq1\GISLibrary\Base_Data\DEQ_Data\WQ_2010_IntegratedReport\Assessment.gdb\StationUse2010,Lat_Long_Change_2010,-1,-1;Category_Change_2010 "Category_Change_2010" true true false 2 Short 0 0 ,First,#,\\deqhq1\GISLibrary\Base_Data\DEQ_Data\WQ_2010_IntegratedReport\Assessment.gdb\StationUse2010,Category_Change_2010,-1,-1;Use_ChangeToDontUse_2010 "Use_ChangeToDontUse_2010" true true false 2 Short 0 0 ,First,#,\\deqhq1\GISLibrary\Base_Data\DEQ_Data\WQ_2010_IntegratedReport\Assessment.gdb\StationUse2010,Use_ChangeToDontUse_2010,-1,-1;Bio_Macro_Data "Bio_Macro_Data" true true false 2 Short 0 0 ,First,#,\\deqhq1\GISLibrary\Base_Data\DEQ_Data\WQ_2010_IntegratedReport\Assessment.gdb\StationUse2010,Bio_Macro_Data,-1,-1;CASCADE_LAKES "CASCADE_LAKES" true true false 2 Short 0 0 ,First,#,\\deqhq1\GISLibrary\Base_Data\DEQ_Data\WQ_2010_IntegratedReport\Assessment.gdb\StationUse2010,CASCADE_LAKES,-1,-1;MARINE_WATERS "MARINE_WATERS" true true false 2 Short 0 0 ,First,#,\\deqhq1\GISLibrary\Base_Data\DEQ_Data\WQ_2010_IntegratedReport\Assessment.gdb\StationUse2010,MARINE_WATERS,-1,-1;STRATIFIED_Natural_Lake "STRATIFIED_Natural_Lake" true true false 2 Short 0 0 ,First,#,\\deqhq1\GISLibrary\Base_Data\DEQ_Data\WQ_2010_IntegratedReport\Assessment.gdb\StationUse2010,STRATIFIED_Natural_Lake,-1,-1;ESTUARY "ESTUARY" true true false 2 Short 0 0 ,First,#,\\deqhq1\GISLibrary\Base_Data\DEQ_Data\WQ_2010_IntegratedReport\Assessment.gdb\StationUse2010,ESTUARY,-1,-1;LAKE "LAKE" true true false 2 Short 0 0 ,First,#,\\deqhq1\GISLibrary\Base_Data\DEQ_Data\WQ_2010_IntegratedReport\Assessment.gdb\StationUse2010,LAKE,-1,-1;MARINE_COASTAL_REC "MARINE_COASTAL_REC" true true false 2 Short 0 0 ,First,#,\\deqhq1\GISLibrary\Base_Data\DEQ_Data\WQ_2010_IntegratedReport\Assessment.gdb\StationUse2010,MARINE_COASTAL_REC,-1,-1;Enterro_Data "Enterro_Data" true true false 2 Short 0 0 ,First,#,\\deqhq1\GISLibrary\Base_Data\DEQ_Data\WQ_2010_IntegratedReport\Assessment.gdb\StationUse2010,Enterro_Data,-1,-1;DHS_Station_Type "DHS_Station_Type" true true false 255 Text 0 0 ,First,#,\\deqhq1\GISLibrary\Base_Data\DEQ_Data\WQ_2010_IntegratedReport\Assessment.gdb\StationUse2010,DHS_Station_Type,-1,-1;DHS_Station_Type_Num "DHS_Station_Type_Num" true true false 8 Double 0 0 ,First,#,\\deqhq1\GISLibrary\Base_Data\DEQ_Data\WQ_2010_IntegratedReport\Assessment.gdb\StationUse2010,DHS_Station_Type_Num,-1,-1;EPA_BEACH_ID "EPA_BEACH_ID" true true false 255 Text 0 0 ,First,#,\\deqhq1\GISLibrary\Base_Data\DEQ_Data\WQ_2010_IntegratedReport\Assessment.gdb\StationUse2010,EPA_BEACH_ID,-1,-1;BEACH_NAME "BEACH_NAME" true true false 255 Text 0 0 ,First,#,\\deqhq1\GISLibrary\Base_Data\DEQ_Data\WQ_2010_IntegratedReport\Assessment.gdb\StationUse2010,BEACH_NAME,-1,-1;ELEVATION_FT "ELEVATION_FT" true true false 4 Long 0 0 ,First,#,\\deqhq1\GISLibrary\Base_Data\DEQ_Data\WQ_2010_IntegratedReport\Assessment.gdb\StationUse2010,ELEVATION_FT,-1,-1;WRD_Basin "WRD_Basin" true true false 255 Text 0 0 ,First,#,\\deqhq1\GISLibrary\Base_Data\DEQ_Data\WQ_2010_IntegratedReport\Assessment.gdb\StationUse2010,WRD_Basin,-1,-1;Comments "Comments" true true false 2147483647 Text 0 0 ,First,#,\\deqhq1\GISLibrary\Base_Data\DEQ_Data\WQ_2010_IntegratedReport\Assessment.gdb\StationUse2010,Comments,-1,-1;USE_2004 "USE_2004" true true false 2 Short 0 0 ,First,#,\\deqhq1\GISLibrary\Base_Data\DEQ_Data\WQ_2010_IntegratedReport\Assessment.gdb\StationUse2010,USE_2004,-1,-1;Reviewed_Permit_Writers "Reviewed_Permit_Writers" true true false 2 Short 0 0 ,First,#,\\deqhq1\GISLibrary\Base_Data\DEQ_Data\WQ_2010_IntegratedReport\Assessment.gdb\StationUse2010,Reviewed_Permit_Writers,-1,-1;RIVER_MILE_2004 "RIVER_MILE_2004" true true false 8 Double 0 0 ,First,#,\\deqhq1\GISLibrary\Base_Data\DEQ_Data\WQ_2010_IntegratedReport\Assessment.gdb\StationUse2010,RIVER_MILE_2004,-1,-1;LLID_2004 "LLID_2004" true true false 255 Text 0 0 ,First,#,\\deqhq1\GISLibrary\Base_Data\DEQ_Data\WQ_2010_IntegratedReport\Assessment.gdb\StationUse2010,LLID_2004,-1,-1;USE_Bacteria "USE_Bacteria" true true false 2 Short 0 0 ,First,#,\\deqhq1\GISLibrary\Base_Data\DEQ_Data\WQ_2010_IntegratedReport\Assessment.gdb\StationUse2010,USE_Bacteria,-1,-1;Salinity_Max "Salinity_Max" true true false 8 Double 0 0 ,First,#,\\deqhq1\GISLibrary\Base_Data\DEQ_Data\WQ_2010_IntegratedReport\Assessment.gdb\StationUse2010,Salinity_Max,-1,-1;Conductivity_Max "Conductivity_Max" true true false 8 Double 0 0 ,First,#,\\deqhq1\GISLibrary\Base_Data\DEQ_Data\WQ_2010_IntegratedReport\Assessment.gdb\StationUse2010,Conductivity_Max,-1,-1;PondResSmall "PondResSmall" true true false 2 Short 0 0 ,First,#,\\deqhq1\GISLibrary\Base_Data\DEQ_Data\WQ_2010_IntegratedReport\Assessment.gdb\StationUse2010,PondResSmall,-1,-1" #</Process><Process ToolSource="c:\program files\arcgis\desktop10.1\ArcToolbox\Toolboxes\Data Management Tools.tbx\CopyFeatures" Date="20140701" Time="152532">CopyFeatures F:/Base_Data/DEQ_Data/WQ_2010_IntegratedReport_V3/WQ_2010_IntegratedReport_V3/Assessment.gdb/SurfaceWaterMonitoringStations/Stations_2010 E:\GitHub\ToxicsRedo\Estuary_Analysis\Estuaries.gdb\Stations_2010_temp # 0 0 0</Process><Process ToolSource="c:\program files\arcgis\desktop10.1\ArcToolbox\Toolboxes\Data Management Tools.tbx\AddField" Date="20140701" Time="152533">AddField E:/GitHub/ToxicsRedo/Estuary_Analysis/Estuaries.gdb/Stations_2010_temp AGENCY TEXT # # # # NULLABLE NON_REQUIRED #</Process><Process ToolSource="c:\program files\arcgis\desktop10.1\ArcToolbox\Toolboxes\Data Management Tools.tbx\AddField" Date="20140701" Time="152534">AddField E:/GitHub/ToxicsRedo/Estuary_Analysis/Estuaries.gdb/Stations_2010_temp AGENCY_ID TEXT # # # # NULLABLE NON_REQUIRED #</Process><Process ToolSource="c:\program files\arcgis\desktop10.1\ArcToolbox\Toolboxes\Data Management Tools.tbx\CalculateField" Date="20140701" Time="152536">CalculateField E:/GitHub/ToxicsRedo/Estuary_Analysis/Estuaries.gdb/Stations_2010_temp AGENCY "Oregon Department of Environmental Quality" VB #</Process><Process ToolSource="c:\program files\arcgis\desktop10.1\ArcToolbox\Toolboxes\Data Management Tools.tbx\CalculateField" Date="20140701" Time="152538">CalculateField E:/GitHub/ToxicsRedo/Estuary_Analysis/Estuaries.gdb/Stations_2010_temp AGENCY_ID "ODEQ" VB #</Process><Process ToolSource="c:\program files\arcgis\desktop10.1\ArcToolbox\Toolboxes\Data Management Tools.tbx\JoinField" Date="20140701" Time="152617">JoinField E:/GitHub/ToxicsRedo/Estuary_Analysis/Estuaries.gdb/Stations_2010_temp STATION E:/GitHub/ToxicsRedo/Estuary_Analysis/Estuaries.gdb/Stations_2010 STATION MATRIX</Process><Process ToolSource="c:\program files\arcgis\desktop10.1\ArcToolbox\Toolboxes\Data Management Tools.tbx\AddField" Date="20140701" Time="152619">AddField E:/GitHub/ToxicsRedo/Estuary_Analysis/Estuaries.gdb/Stations_2010_temp STATION_TEMP TEXT # # # # NULLABLE NON_REQUIRED #</Process><Process ToolSource="c:\program files\arcgis\desktop10.1\ArcToolbox\Toolboxes\Data Management Tools.tbx\CalculateField" Date="20140701" Time="152622">CalculateField E:/GitHub/ToxicsRedo/Estuary_Analysis/Estuaries.gdb/Stations_2010_temp STATION_TEMP !STATION! PYTHON_9.3 #</Process><Process ToolSource="c:\program files\arcgis\desktop10.1\ArcToolbox\Toolboxes\Data Management Tools.tbx\DeleteField" Date="20140701" Time="152624">DeleteField E:/GitHub/ToxicsRedo/Estuary_Analysis/Estuaries.gdb/Stations_2010_temp STATION</Process><Process ToolSource="c:\program files\arcgis\desktop10.1\ArcToolbox\Toolboxes\Data Management Tools.tbx\AddField" Date="20140701" Time="152625">AddField E:/GitHub/ToxicsRedo/Estuary_Analysis/Estuaries.gdb/Stations_2010_temp STATION String # # # # NULLABLE NON_REQUIRED #</Process><Process ToolSource="c:\program files\arcgis\desktop10.1\ArcToolbox\Toolboxes\Data Management Tools.tbx\CalculateField" Date="20140701" Time="152628">CalculateField E:/GitHub/ToxicsRedo/Estuary_Analysis/Estuaries.gdb/Stations_2010_temp STATION !STATION_TEMP! PYTHON_9.3 #</Process><Process ToolSource="c:\program files\arcgis\desktop10.1\ArcToolbox\Toolboxes\Data Management Tools.tbx\DeleteField" Date="20140701" Time="152630">DeleteField E:/GitHub/ToxicsRedo/Estuary_Analysis/Estuaries.gdb/Stations_2010_temp STATION_TEMP</Process><Process ToolSource="c:\program files\arcgis\desktop10.1\ArcToolbox\Toolboxes\Data Management Tools.tbx\Merge" Date="20140701" Time="152637">Merge E:/GitHub/ToxicsRedo/Estuary_Analysis/Estuaries.gdb/Stations_2010_temp;only_finalized_stations E:\GitHub\ToxicsRedo\Estuary_Analysis\Estuaries.gdb\Stations_2012_Analysis "DESCRIPTION "DESCRIPTION" true true false 255 Text 0 0 ,First,#,E:/GitHub/ToxicsRedo/Estuary_Analysis/Estuaries.gdb/Stations_2010_temp,DESCRIPTION,-1,-1,only_finalized_stations,DESCRIPTION,-1,-1;DEC_LAT "DEC_LAT" true true false 8 Double 0 0 ,First,#,E:/GitHub/ToxicsRedo/Estuary_Analysis/Estuaries.gdb/Stations_2010_temp,DEC_LAT,-1,-1,only_finalized_stations,DEC_LAT,-1,-1;DEC_LONG "DEC_LONG" true true false 8 Double 0 0 ,First,#,E:/GitHub/ToxicsRedo/Estuary_Analysis/Estuaries.gdb/Stations_2010_temp,DEC_LONG,-1,-1,only_finalized_stations,DEC_LONG,-1,-1;RIVER_MILE "RIVER_MILE" true true false 8 Double 0 0 ,First,#,E:/GitHub/ToxicsRedo/Estuary_Analysis/Estuaries.gdb/Stations_2010_temp,RIVER_MILE,-1,-1,only_finalized_stations,RIVER_MILE,-1,-1;LLID "LLID" true true false 250 Text 0 0 ,First,#,E:/GitHub/ToxicsRedo/Estuary_Analysis/Estuaries.gdb/Stations_2010_temp,LLID,-1,-1,only_finalized_stations,LLID,-1,-1;RIVER_MILE_LAKE "RIVER_MILE_LAKE" true true false 8 Double 0 0 ,First,#,E:/GitHub/ToxicsRedo/Estuary_Analysis/Estuaries.gdb/Stations_2010_temp,RIVER_MILE_LAKE,-1,-1;LAKE_LLID "LAKE_LLID" true true false 255 Text 0 0 ,First,#,E:/GitHub/ToxicsRedo/Estuary_Analysis/Estuaries.gdb/Stations_2010_temp,LAKE_LLID,-1,-1,only_finalized_stations,LAKE_LLID,-1,-1;LAKE_NAME "LAKE_NAME" true true false 255 Text 0 0 ,First,#,E:/GitHub/ToxicsRedo/Estuary_Analysis/Estuaries.gdb/Stations_2010_temp,LAKE_NAME,-1,-1,only_finalized_stations,LAKE_NAME,-1,-1;GIS_Source_LAKE "GIS_Source_LAKE" true true false 255 Text 0 0 ,First,#,E:/GitHub/ToxicsRedo/Estuary_Analysis/Estuaries.gdb/Stations_2010_temp,GIS_Source_LAKE,-1,-1,only_finalized_stations,GIS_Source_LAKE,-1,-1;GIS_STREAMNAME "GIS_STREAMNAME" true true false 255 Text 0 0 ,First,#,E:/GitHub/ToxicsRedo/Estuary_Analysis/Estuaries.gdb/Stations_2010_temp,GIS_STREAMNAME,-1,-1,only_finalized_stations,GIS_STREAMNAME,-1,-1;GIS_Source "GIS_Source" true true false 255 Text 0 0 ,First,#,E:/GitHub/ToxicsRedo/Estuary_Analysis/Estuaries.gdb/Stations_2010_temp,GIS_Source,-1,-1,only_finalized_stations,GIS_Source,-1,-1;EPA_BEACH_ID "EPA_BEACH_ID" true true false 255 Text 0 0 ,First,#,E:/GitHub/ToxicsRedo/Estuary_Analysis/Estuaries.gdb/Stations_2010_temp,EPA_BEACH_ID,-1,-1;BEACH_NAME "BEACH_NAME" true true false 255 Text 0 0 ,First,#,E:/GitHub/ToxicsRedo/Estuary_Analysis/Estuaries.gdb/Stations_2010_temp,BEACH_NAME,-1,-1;AGENCY "AGENCY" true true false 255 Text 0 0 ,First,#,E:/GitHub/ToxicsRedo/Estuary_Analysis/Estuaries.gdb/Stations_2010_temp,AGENCY,-1,-1,only_finalized_stations,AGENCY,-1,-1;AGENCY_ID "AGENCY_ID" true true false 255 Text 0 0 ,First,#,E:/GitHub/ToxicsRedo/Estuary_Analysis/Estuaries.gdb/Stations_2010_temp,AGENCY_ID,-1,-1,only_finalized_stations,AGENCY_ID,-1,-1;MATRIX "MATRIX" true true false 255 Text 0 0 ,First,#,E:/GitHub/ToxicsRedo/Estuary_Analysis/Estuaries.gdb/Stations_2010_temp,MATRIX,-1,-1,only_finalized_stations,MATRIX,-1,-1;STATION "STATION" true true false 255 Text 0 0 ,First,#,E:/GitHub/ToxicsRedo/Estuary_Analysis/Estuaries.gdb/Stations_2010_temp,STATION,-1,-1,only_finalized_stations,STATION,-1,-1;QAQC1 "QAQC1" true true false 255 Text 0 0 ,First,#,only_finalized_stations,QAQC1,-1,-1;QAQC2 "QAQC2" true true false 255 Text 0 0 ,First,#,only_finalized_stations,QAQC2,-1,-1;Comments "Comments" true true false 255 Text 0 0 ,First,#,only_finalized_stations,Comments,-1,-1;HUC_6 "HUC_6" true true false 6 Text 0 0 ,First,#,only_finalized_stations,HUC_6,-1,-1;HU_6_Name "HU_6_Name" true true false 120 Text 0 0 ,First,#,only_finalized_stations,HU_6_Name,-1,-1;HUC_8 "HUC_8" true true false 8 Text 0 0 ,First,#,only_finalized_stations,HUC_8,-1,-1;HU_8_Name "HU_8_Name" true true false 120 Text 0 0 ,First,#,only_finalized_stations,HU_8_Name,-1,-1;Estuary_2010 "Estuary_2010" true true false 255 Text 0 0 ,First,#,only_finalized_stations,Estuary_2010,-1,-1;Sal_ppth "Sal_ppth" true true false 8 Double 0 0 ,First,#,only_finalized_stations,Sal_ppth,-1,-1;Est_Sal "Est_Sal" true true false 255 Text 0 0 ,First,#,only_finalized_stations,Est_Sal,-1,-1;Est_Final "Est_Final" true true false 50 Text 0 0 ,First,#,only_finalized_stations,Est_Final,-1,-1;Est_Comments "Est_Comments" true true false 50 Text 0 0 ,First,#,only_finalized_stations,Est_Comments,-1,-1"</Process><Process ToolSource="c:\program files\arcgis\desktop10.1\ArcToolbox\Toolboxes\Data Management Tools.tbx\DeleteField" Date="20140701" Time="152645">DeleteField E:/GitHub/ToxicsRedo/Estuary_Analysis/Estuaries.gdb/Stations_2012_Analysis RIVER_MILE_LAKE;QAQC1;QAQC2;Comments;HUC_6;HU_6_Name;HUC_8;HU_8_Name;Estuary_2010;Sal_ppth;Est_Sal;Est_Final;Est_Comments</Process><Process ToolSource="c:\program files\arcgis\desktop10.1\ArcToolbox\Toolboxes\Data Management Tools.tbx\AddField" Date="20140701" Time="152646">AddField E:/GitHub/ToxicsRedo/Estuary_Analysis/Estuaries.gdb/Stations_2012_Analysis STREAM_NAME String # # # # NULLABLE NON_REQUIRED #</Process><Process ToolSource="c:\program files\arcgis\desktop10.1\ArcToolbox\Toolboxes\Data Management Tools.tbx\CalculateField" Date="20140701" Time="152651">CalculateField E:/GitHub/ToxicsRedo/Estuary_Analysis/Estuaries.gdb/Stations_2012_Analysis STREAM_NAME !GIS_STREAMNAME! PYTHON_9.3 #</Process><Process ToolSource="c:\program files\arcgis\desktop10.1\ArcToolbox\Toolboxes\Data Management Tools.tbx\DeleteField" Date="20140701" Time="152652">DeleteField E:/GitHub/ToxicsRedo/Estuary_Analysis/Estuaries.gdb/Stations_2012_Analysis GIS_STREAMNAME</Process><Process ToolSource="c:\program files\arcgis\desktop10.1\ArcToolbox\Toolboxes\Data Management Tools.tbx\AddField" Date="20140701" Time="152654">AddField E:/GitHub/ToxicsRedo/Estuary_Analysis/Estuaries.gdb/Stations_2012_Analysis LAKE_SOURCE String # # # # NULLABLE NON_REQUIRED #</Process><Process ToolSource="c:\program files\arcgis\desktop10.1\ArcToolbox\Toolboxes\Data Management Tools.tbx\CalculateField" Date="20140701" Time="152656">CalculateField E:/GitHub/ToxicsRedo/Estuary_Analysis/Estuaries.gdb/Stations_2012_Analysis LAKE_SOURCE !GIS_Source_LAKE! PYTHON_9.3 #</Process><Process ToolSource="c:\program files\arcgis\desktop10.1\ArcToolbox\Toolboxes\Data Management Tools.tbx\DeleteField" Date="20140701" Time="152657">DeleteField E:/GitHub/ToxicsRedo/Estuary_Analysis/Estuaries.gdb/Stations_2012_Analysis GIS_Source_LAKE</Process><Process ToolSource="c:\program files\arcgis\desktop10.1\ArcToolbox\Toolboxes\Data Management Tools.tbx\AddField" Date="20140701" Time="152659">AddField E:/GitHub/ToxicsRedo/Estuary_Analysis/Estuaries.gdb/Stations_2012_Analysis STREAM_SOURCE String # # # # NULLABLE NON_REQUIRED #</Process><Process ToolSource="c:\program files\arcgis\desktop10.1\ArcToolbox\Toolboxes\Data Management Tools.tbx\CalculateField" Date="20140701" Time="152702">CalculateField E:/GitHub/ToxicsRedo/Estuary_Analysis/Estuaries.gdb/Stations_2012_Analysis STREAM_SOURCE !GIS_Source! PYTHON_9.3 #</Process><Process ToolSource="c:\program files\arcgis\desktop10.1\ArcToolbox\Toolboxes\Data Management Tools.tbx\DeleteField" Date="20140701" Time="152704">DeleteField E:/GitHub/ToxicsRedo/Estuary_Analysis/Estuaries.gdb/Stations_2012_Analysis GIS_Source</Process><Process ToolSource="c:\program files\arcgis\desktop10.1\ArcToolbox\Toolboxes\Conversion Tools.tbx\FeatureClassToFeatureClass" Date="20140701" Time="155246">FeatureClassToFeatureClass E:\GitHub\ToxicsRedo\Estuary_Analysis\Estuaries.gdb\Stations_2012_Analysis E:\GitHub\ToxicsRedo\Estuary_Analysis Stations_2012_Analysis.shp # "DESCRIPTIO "DESCRIPTION" true true false 255 Text 0 0 ,First,#,E:\GitHub\ToxicsRedo\Estuary_Analysis\Estuaries.gdb\Stations_2012_Analysis,DESCRIPTION,-1,-1;DEC_LAT "DEC_LAT" true true false 8 Double 0 0 ,First,#,E:\GitHub\ToxicsRedo\Estuary_Analysis\Estuaries.gdb\Stations_2012_Analysis,DEC_LAT,-1,-1;DEC_LONG "DEC_LONG" true true false 8 Double 0 0 ,First,#,E:\GitHub\ToxicsRedo\Estuary_Analysis\Estuaries.gdb\Stations_2012_Analysis,DEC_LONG,-1,-1;RIVER_MILE "RIVER_MILE" true true false 8 Double 0 0 ,First,#,E:\GitHub\ToxicsRedo\Estuary_Analysis\Estuaries.gdb\Stations_2012_Analysis,RIVER_MILE,-1,-1;LLID "LLID" true true false 250 Text 0 0 ,First,#,E:\GitHub\ToxicsRedo\Estuary_Analysis\Estuaries.gdb\Stations_2012_Analysis,LLID,-1,-1;LAKE_LLID "LAKE_LLID" true true false 255 Text 0 0 ,First,#,E:\GitHub\ToxicsRedo\Estuary_Analysis\Estuaries.gdb\Stations_2012_Analysis,LAKE_LLID,-1,-1;LAKE_NAME "LAKE_NAME" true true false 255 Text 0 0 ,First,#,E:\GitHub\ToxicsRedo\Estuary_Analysis\Estuaries.gdb\Stations_2012_Analysis,LAKE_NAME,-1,-1;EPA_BEACH_ "EPA_BEACH_ID" true true false 255 Text 0 0 ,First,#,E:\GitHub\ToxicsRedo\Estuary_Analysis\Estuaries.gdb\Stations_2012_Analysis,EPA_BEACH_ID,-1,-1;BEACH_NAME "BEACH_NAME" true true false 255 Text 0 0 ,First,#,E:\GitHub\ToxicsRedo\Estuary_Analysis\Estuaries.gdb\Stations_2012_Analysis,BEACH_NAME,-1,-1;AGENCY "AGENCY" true true false 255 Text 0 0 ,First,#,E:\GitHub\ToxicsRedo\Estuary_Analysis\Estuaries.gdb\Stations_2012_Analysis,AGENCY,-1,-1;AGENCY_ID "AGENCY_ID" true true false 255 Text 0 0 ,First,#,E:\GitHub\ToxicsRedo\Estuary_Analysis\Estuaries.gdb\Stations_2012_Analysis,AGENCY_ID,-1,-1;MATRIX "MATRIX" true true false 255 Text 0 0 ,First,#,E:\GitHub\ToxicsRedo\Estuary_Analysis\Estuaries.gdb\Stations_2012_Analysis,MATRIX,-1,-1;STATION "STATION" true true false 255 Text 0 0 ,First,#,E:\GitHub\ToxicsRedo\Estuary_Analysis\Estuaries.gdb\Stations_2012_Analysis,STATION,-1,-1;STREAM_NAM "STREAM_NAME" true true false 255 Text 0 0 ,First,#,E:\GitHub\ToxicsRedo\Estuary_Analysis\Estuaries.gdb\Stations_2012_Analysis,STREAM_NAME,-1,-1;LAKE_SOURC "LAKE_SOURCE" true true false 255 Text 0 0 ,First,#,E:\GitHub\ToxicsRedo\Estuary_Analysis\Estuaries.gdb\Stations_2012_Analysis,LAKE_SOURCE,-1,-1;STREAM_SOU "STREAM_SOURCE" true true false 255 Text 0 0 ,First,#,E:\GitHub\ToxicsRedo\Estuary_Analysis\Estuaries.gdb\Stations_2012_Analysis,STREAM_SOURCE,-1,-1" #</Process></lineage></DataProperties><SyncDate>20140701</SyncDate><SyncTime>15522500</SyncTime><ModDate>20140701</ModDate><ModTime>15522500</ModTime><ArcGISProfile>FGDC</ArcGISProfile></Esri><dataIdInfo><envirDesc Sync="TRUE">Microsoft Windows 7 Version 6.1 (Build 7601) Service Pack 1; Esri ArcGIS 10.1.1.3143</envirDesc><dataLang><languageCode value="eng" country="USA"/><countryCode value="USA" Sync="TRUE"></countryCode></dataLang><idCitation><resTitle Sync="TRUE">Stations_2012_Analysis</resTitle><presForm><PresFormCd value="005"/></presForm></idCitation><descKeys><thesaName uuidref="723f6998-058e-11dc-8314-0800200c9a66"/><keyword Sync="TRUE">002</keyword></descKeys><spatRpType><SpatRepTypCd value="001"/></spatRpType><dataExt><geoEle><GeoBndBox esriExtentType="search"><westBL Sync="TRUE">-124.996160</westBL><eastBL Sync="TRUE">-116.757385</eastBL><northBL Sync="TRUE">46.369554</northBL><southBL Sync="TRUE">41.902134</southBL><exTypeCode Sync="TRUE">1</exTypeCode></GeoBndBox></geoEle></dataExt><idPurp>Reference table for Water Quality 2010 Integrated Report Assessment.</idPurp><idAbs>&lt;DIV STYLE="text-align:Left;"&gt;&lt;DIV&gt;&lt;DIV&gt;&lt;P&gt;&lt;SPAN&gt;Table of surface water monitoring stations retrieved from Oregon DEQ's &lt;/SPAN&gt;&lt;SPAN&gt;Laboratory Analytical Storage and Retrieval (LASAR) database on 11/20/2009 for evaluation and assessment for the 2010 Integrated Report. Table contains LASAR station identification, description, and latitude/longitude location information. For assessment purposes, locations were verified and other location information including latitude/longitude identifier (LLID), river mile location, and other information were added. &lt;/SPAN&gt;&lt;/P&gt;&lt;/DIV&gt;&lt;/DIV&gt;&lt;/DIV&gt;</idAbs><idCredit>Oregon DEQ Laboratory and Environmental Assessment Division, Oregon DEQ Water Quality Division</idCredit></dataIdInfo><mdLang><languageCode value="eng"/><countryCode value="USA" Sync="TRUE"></countryCode></mdLang><mdChar><CharSetCd value="004"/></mdChar><distInfo><distFormat><formatName Sync="TRUE">Shapefile</formatName></distFormat><distTranOps><transSize Sync="TRUE">0.000</transSize></distTranOps></distInfo><mdHrLv><ScopeCd value="005"/></mdHrLv><mdHrLvName Sync="TRUE">dataset</mdHrLvName><refSysInfo><RefSystem><refSysID><identCode code="2992"/><idCodeSpace Sync="TRUE">EPSG</idCodeSpace><idVersion Sync="TRUE">7.11.2</idVersion></refSysID></RefSystem></refSysInfo><spdoinfo><ptvctinf><esriterm Name="Stations_2012_Analysis"><efeatyp Sync="TRUE">Simple</efeatyp><efeageom code="1" Sync="TRUE"></efeageom><esritopo Sync="TRUE">FALSE</esritopo><efeacnt Sync="TRUE">0</efeacnt><spindex Sync="TRUE">FALSE</spindex><linrefer Sync="TRUE">FALSE</linrefer></esriterm></ptvctinf></spdoinfo><spatRepInfo><VectSpatRep><geometObjs Name="Stations_2012_Analysis"><geoObjTyp><GeoObjTypCd value="004" Sync="TRUE"></GeoObjTypCd></geoObjTyp><geoObjCnt Sync="TRUE">0</geoObjCnt></geometObjs><topLvl><TopoLevCd value="001" Sync="TRUE"></TopoLevCd></topLvl></VectSpatRep></spatRepInfo><eainfo><detailed Name="Stations_2012_Analysis" xmlns=""><enttyp><enttypl Sync="TRUE">Stations_2012_Analysis</enttypl><enttypt Sync="TRUE">Feature Class</enttypt><enttypc Sync="TRUE">0</enttypc></enttyp><attr><attrlabl Sync="TRUE">FID</attrlabl><attalias Sync="TRUE">FID</attalias><attrtype Sync="TRUE">OID</attrtype><attwidth Sync="TRUE">4</attwidth><atprecis Sync="TRUE">0</atprecis><attscale Sync="TRUE">0</attscale><attrdef Sync="TRUE">Internal feature number.</attrdef><attrdefs Sync="TRUE">Esri</attrdefs><attrdomv><udom Sync="TRUE">Sequential unique whole numbers that are automatically generated.</udom></attrdomv></attr><attr xmlns=""><attrlabl Sync="TRUE">Shape</attrlabl><attalias Sync="TRUE">Shape</attalias><attrtype Sync="TRUE">Geometry</attrtype><attwidth Sync="TRUE">0</attwidth><atprecis Sync="TRUE">0</atprecis><attscale Sync="TRUE">0</attscale><attrdef Sync="TRUE">Feature geometry.</attrdef><attrdefs Sync="TRUE">ESRI</attrdefs><attrdomv><udom Sync="TRUE">Coordinates defining the features.</udom></attrdomv></attr><attr><attrlabl Sync="TRUE">DESCRIPTIO</attrlabl><attalias Sync="TRUE">DESCRIPTIO</attalias><attrtype Sync="TRUE">String</attrtype><attwidth Sync="TRUE">254</attwidth><atprecis Sync="TRUE">0</atprecis><attscale Sync="TRUE">0</attscale></attr><attr xmlns=""><attrlabl Sync="TRUE">STATION</attrlabl><attalias Sync="TRUE">STATION</attalias><attrtype Sync="TRUE">String</attrtype><attwidth Sync="TRUE">254</attwidth><atprecis Sync="TRUE">0</atprecis><attscale Sync="TRUE">0</attscale><attrdef>Monitoring station identification number from LASAR.</attrdef></attr><attr xmlns=""><attrlabl Sync="TRUE">DEC_LAT</attrlabl><attalias Sync="TRUE">DEC_LAT</attalias><attrtype Sync="TRUE">Double</attrtype><attwidth Sync="TRUE">19</attwidth><atprecis Sync="TRUE">0</atprecis><attscale Sync="TRUE">0</attscale><attrdef>Monitoring station location from LASAR.</attrdef></attr><attr xmlns=""><attrlabl Sync="TRUE">DEC_LONG</attrlabl><attalias Sync="TRUE">DEC_LONG</attalias><attrtype Sync="TRUE">Double</attrtype><attwidth Sync="TRUE">19</attwidth><atprecis Sync="TRUE">0</atprecis><attscale Sync="TRUE">0</attscale><attrdef>Monitoring station location from LASAR.</attrdef></attr><attr xmlns=""><attrlabl Sync="TRUE">RIVER_MILE</attrlabl><attalias Sync="TRUE">RIVER_MILE</attalias><attrtype Sync="TRUE">Double</attrtype><attwidth Sync="TRUE">19</attwidth><atprecis Sync="TRUE">0</atprecis><attscale Sync="TRUE">0</attscale><attrdef>Monitoring station location on water body.</attrdef></attr><attr xmlns=""><attrlabl Sync="TRUE">LLID</attrlabl><attalias Sync="TRUE">LLID</attalias><attrtype Sync="TRUE">String</attrtype><attwidth Sync="TRUE">250</attwidth><atprecis Sync="TRUE">0</atprecis><attscale Sync="TRUE">0</attscale><attrdef>Water body latitude/longitude identification number.</attrdef></attr><attr xmlns=""><attrlabl Sync="TRUE">LAKE_LLID</attrlabl><attalias Sync="TRUE">LAKE_LLID</attalias><attrtype Sync="TRUE">String</attrtype><attwidth Sync="TRUE">254</attwidth><atprecis Sync="TRUE">0</atprecis><attscale Sync="TRUE">0</attscale><attrdef>Identification for lake, reservoir, or pond.</attrdef></attr><attr><attrlabl Sync="TRUE">EPA_BEACH_</attrlabl><attalias Sync="TRUE">EPA_BEACH_</attalias><attrtype Sync="TRUE">String</attrtype><attwidth Sync="TRUE">254</attwidth><atprecis Sync="TRUE">0</atprecis><attscale Sync="TRUE">0</attscale></attr><attr xmlns=""><attrlabl Sync="TRUE">LAKE_NAME</attrlabl><attalias Sync="TRUE">LAKE_NAME</attalias><attrtype Sync="TRUE">String</attrtype><attwidth Sync="TRUE">254</attwidth><atprecis Sync="TRUE">0</atprecis><attscale Sync="TRUE">0</attscale><attrdef>Water body name verified by GIS information.</attrdef></attr><attr><attrlabl Sync="TRUE">AGENCY</attrlabl><attalias Sync="TRUE">AGENCY</attalias><attrtype Sync="TRUE">String</attrtype><attwidth Sync="TRUE">254</attwidth><atprecis Sync="TRUE">0</atprecis><attscale Sync="TRUE">0</attscale></attr><attr><attrlabl Sync="TRUE">AGENCY_ID</attrlabl><attalias Sync="TRUE">AGENCY_ID</attalias><attrtype Sync="TRUE">String</attrtype><attwidth Sync="TRUE">254</attwidth><atprecis Sync="TRUE">0</atprecis><attscale Sync="TRUE">0</attscale></attr><attr><attrlabl Sync="TRUE">MATRIX</attrlabl><attalias Sync="TRUE">MATRIX</attalias><attrtype Sync="TRUE">String</attrtype><attwidth Sync="TRUE">254</attwidth><atprecis Sync="TRUE">0</atprecis><attscale Sync="TRUE">0</attscale></attr><attr xmlns=""><attrlabl Sync="TRUE">BEACH_NAME</attrlabl><attalias Sync="TRUE">BEACH_NAME</attalias><attrtype Sync="TRUE">String</attrtype><attwidth Sync="TRUE">254</attwidth><atprecis Sync="TRUE">0</atprecis><attscale Sync="TRUE">0</attscale><attrdef>The name of the coastal recreation beach used in EPA’s Beach Advisory and Closing On-Line Notification (BEACON) system for reporting pollution incidents for coastal beaches. </attrdef></attr><attr><attrlabl Sync="TRUE">STREAM_NAM</attrlabl><attalias Sync="TRUE">STREAM_NAM</attalias><attrtype Sync="TRUE">String</attrtype><attwidth Sync="TRUE">254</attwidth><atprecis Sync="TRUE">0</atprecis><attscale Sync="TRUE">0</attscale></attr><attr><attrlabl Sync="TRUE">LAKE_SOURC</attrlabl><attalias Sync="TRUE">LAKE_SOURC</attalias><attrtype Sync="TRUE">String</attrtype><attwidth Sync="TRUE">254</attwidth><atprecis Sync="TRUE">0</atprecis><attscale Sync="TRUE">0</attscale></attr><attr><attrlabl Sync="TRUE">STREAM_SOU</attrlabl><attalias Sync="TRUE">STREAM_SOU</attalias><attrtype Sync="TRUE">String</attrtype><attwidth Sync="TRUE">254</attwidth><atprecis Sync="TRUE">0</atprecis><attscale Sync="TRUE">0</attscale></attr></detailed></eainfo><mdDateSt Sync="TRUE">20140701</mdDateSt></metadata>
