<metadata xml:lang="en"><Esri><CreaDate>20140618</CreaDate><CreaTime>16154500</CreaTime><ArcGISFormat>1.0</ArcGISFormat><SyncOnce>FALSE</SyncOnce><DataProperties><itemProps><itemName Sync="TRUE">All_stations_final_est</itemName><imsContentType Sync="TRUE">002</imsContentType><itemSize Sync="TRUE">0.000</itemSize><itemLocation><linkage Sync="TRUE">file://\\deqhq1\MPSARIS\GitHub\ToxicsRedo\Estuary_Analysis\All_stations_final_est.shp</linkage><protocol Sync="TRUE">Local Area Network</protocol></itemLocation></itemProps><coordRef><type Sync="TRUE">Projected</type><geogcsn Sync="TRUE">GCS_North_American_1983</geogcsn><csUnits Sync="TRUE">Linear Unit: Foot (0.304800)</csUnits><projcsn Sync="TRUE">NAD_1983_Oregon_Statewide_Lambert_Feet_Intl</projcsn><peXml Sync="TRUE">&lt;ProjectedCoordinateSystem xsi:type='typens:ProjectedCoordinateSystem' xmlns:xsi='http://www.w3.org/2001/XMLSchema-instance' xmlns:xs='http://www.w3.org/2001/XMLSchema' xmlns:typens='http://www.esri.com/schemas/ArcGIS/10.1'&gt;&lt;WKT&gt;PROJCS[&amp;quot;NAD_1983_Oregon_Statewide_Lambert_Feet_Intl&amp;quot;,GEOGCS[&amp;quot;GCS_North_American_1983&amp;quot;,DATUM[&amp;quot;D_North_American_1983&amp;quot;,SPHEROID[&amp;quot;GRS_1980&amp;quot;,6378137.0,298.257222101]],PRIMEM[&amp;quot;Greenwich&amp;quot;,0.0],UNIT[&amp;quot;Degree&amp;quot;,0.0174532925199433]],PROJECTION[&amp;quot;Lambert_Conformal_Conic&amp;quot;],PARAMETER[&amp;quot;False_Easting&amp;quot;,1312335.958005249],PARAMETER[&amp;quot;False_Northing&amp;quot;,0.0],PARAMETER[&amp;quot;Central_Meridian&amp;quot;,-120.5],PARAMETER[&amp;quot;Standard_Parallel_1&amp;quot;,43.0],PARAMETER[&amp;quot;Standard_Parallel_2&amp;quot;,45.5],PARAMETER[&amp;quot;Latitude_Of_Origin&amp;quot;,41.75],UNIT[&amp;quot;Foot&amp;quot;,0.3048],AUTHORITY[&amp;quot;EPSG&amp;quot;,2992]]&lt;/WKT&gt;&lt;XOrigin&gt;-118489100&lt;/XOrigin&gt;&lt;YOrigin&gt;-97381100&lt;/YOrigin&gt;&lt;XYScale&gt;37592196.316242374&lt;/XYScale&gt;&lt;ZOrigin&gt;-100000&lt;/ZOrigin&gt;&lt;ZScale&gt;10000&lt;/ZScale&gt;&lt;MOrigin&gt;-100000&lt;/MOrigin&gt;&lt;MScale&gt;10000&lt;/MScale&gt;&lt;XYTolerance&gt;0.0032808398950131233&lt;/XYTolerance&gt;&lt;ZTolerance&gt;0.001&lt;/ZTolerance&gt;&lt;MTolerance&gt;0.001&lt;/MTolerance&gt;&lt;HighPrecision&gt;true&lt;/HighPrecision&gt;&lt;WKID&gt;2992&lt;/WKID&gt;&lt;LatestWKID&gt;2992&lt;/LatestWKID&gt;&lt;/ProjectedCoordinateSystem&gt;</peXml></coordRef><lineage><Process ToolSource="c:\program files\arcgis\desktop10.1\ArcToolbox\Toolboxes\Data Management Tools.tbx\Merge" Date="20140530" Time="131550">Merge C:\projected\NAD27_feature_ORLAMB.shp;C:\projected\NAD83_feature_ORLAMB.shp;C:\projected\WGS84_feature_ORLAMB.shp E:\GitHub\ToxicsRedo\StationsToLocate\FinalList\ShapeFiles\Master_List_of_Stations.shp "AGENCY "AGENCY" true true false 254 Text 0 0 ,First,#,C:\projected\NAD27_feature_ORLAMB.shp,AGENCY,-1,-1,C:\projected\NAD83_feature_ORLAMB.shp,AGENCY,-1,-1,C:\projected\WGS84_feature_ORLAMB.shp,AGENCY,-1,-1;AGENCY_ID "AGENCY_ID" true true false 254 Text 0 0 ,First,#,C:\projected\NAD27_feature_ORLAMB.shp,AGENCY_ID,-1,-1,C:\projected\NAD83_feature_ORLAMB.shp,AGENCY_ID,-1,-1,C:\projected\WGS84_feature_ORLAMB.shp,AGENCY_ID,-1,-1;STATION_ID "STATION_ID" true true false 254 Text 0 0 ,First,#,C:\projected\NAD27_feature_ORLAMB.shp,STATION_ID,-1,-1,C:\projected\NAD83_feature_ORLAMB.shp,STATION_ID,-1,-1,C:\projected\WGS84_feature_ORLAMB.shp,STATION_ID,-1,-1;DEC_LAT "DEC_LAT" true true false 19 Double 0 0 ,First,#,C:\projected\NAD27_feature_ORLAMB.shp,DEC_LAT,-1,-1,C:\projected\NAD83_feature_ORLAMB.shp,DEC_LAT,-1,-1,C:\projected\WGS84_feature_ORLAMB.shp,DEC_LAT,-1,-1;DEC_LONG "DEC_LONG" true true false 19 Double 0 0 ,First,#,C:\projected\NAD27_feature_ORLAMB.shp,DEC_LONG,-1,-1,C:\projected\NAD83_feature_ORLAMB.shp,DEC_LONG,-1,-1,C:\projected\WGS84_feature_ORLAMB.shp,DEC_LONG,-1,-1;DATUM "DATUM" true true false 254 Text 0 0 ,First,#,C:\projected\NAD27_feature_ORLAMB.shp,DATUM,-1,-1,C:\projected\NAD83_feature_ORLAMB.shp,DATUM,-1,-1,C:\projected\WGS84_feature_ORLAMB.shp,DATUM,-1,-1;DESCRIPTIO "DESCRIPTIO" true true false 254 Text 0 0 ,First,#,C:\projected\NAD27_feature_ORLAMB.shp,DESCRIPTIO,-1,-1,C:\projected\NAD83_feature_ORLAMB.shp,DESCRIPTIO,-1,-1,C:\projected\WGS84_feature_ORLAMB.shp,DESCRIPTIO,-1,-1;DESCRIPT_1 "DESCRIPT_1" true true false 254 Text 0 0 ,First,#,C:\projected\NAD27_feature_ORLAMB.shp,DESCRIPT_1,-1,-1,C:\projected\NAD83_feature_ORLAMB.shp,DESCRIPT_1,-1,-1,C:\projected\WGS84_feature_ORLAMB.shp,DESCRIPT_1,-1,-1;LLID_Strea "LLID_Strea" true true false 254 Text 0 0 ,First,#,C:\projected\NAD27_feature_ORLAMB.shp,LLID_Strea,-1,-1,C:\projected\NAD83_feature_ORLAMB.shp,LLID_Strea,-1,-1,C:\projected\WGS84_feature_ORLAMB.shp,LLID_Strea,-1,-1;Str_LLID "Str_LLID" true true false 254 Text 0 0 ,First,#,C:\projected\NAD27_feature_ORLAMB.shp,Str_LLID,-1,-1,C:\projected\NAD83_feature_ORLAMB.shp,Str_LLID,-1,-1,C:\projected\WGS84_feature_ORLAMB.shp,Str_LLID,-1,-1;Str_name "Str_name" true true false 254 Text 0 0 ,First,#,C:\projected\NAD27_feature_ORLAMB.shp,Str_name,-1,-1,C:\projected\NAD83_feature_ORLAMB.shp,Str_name,-1,-1,C:\projected\WGS84_feature_ORLAMB.shp,Str_name,-1,-1;LAKE_LLID "LAKE_LLID" true true false 254 Text 0 0 ,First,#,C:\projected\NAD27_feature_ORLAMB.shp,LAKE_LLID,-1,-1,C:\projected\NAD83_feature_ORLAMB.shp,LAKE_LLID,-1,-1,C:\projected\WGS84_feature_ORLAMB.shp,LAKE_LLID,-1,-1;LAKE_NAME "LAKE_NAME" true true false 254 Text 0 0 ,First,#,C:\projected\NAD27_feature_ORLAMB.shp,LAKE_NAME,-1,-1,C:\projected\NAD83_feature_ORLAMB.shp,LAKE_NAME,-1,-1,C:\projected\WGS84_feature_ORLAMB.shp,LAKE_NAME,-1,-1"</Process><Process ToolSource="c:\program files\arcgis\desktop10.1\ArcToolbox\Toolboxes\Data Management Tools.tbx\CopyFeatures" Date="20140530" Time="155744">CopyFeatures E:/GitHub/ToxicsRedo/StationsToLocate/FinalList/ShapeFiles/Master_List_of_Stations.shp C:/assign_llid_temp.gdb\stations_copy # 0 0 0</Process><Process ToolSource="c:\program files\arcgis\desktop10.1\ArcToolbox\Toolboxes\Data Management Tools.tbx\AddField" Date="20140530" Time="155744">AddField C:/assign_llid_temp.gdb\stations_copy Unique_ID DOUBLE # # # # NULLABLE NON_REQUIRED #</Process><Process ToolSource="c:\program files\arcgis\desktop10.1\ArcToolbox\Toolboxes\Data Management Tools.tbx\CalculateField" Date="20140530" Time="155745">CalculateField C:/assign_llid_temp.gdb\stations_copy Unique_ID !OBJECTID! PYTHON #</Process><Process ToolSource="c:\program files\arcgis\desktop10.1\ArcToolbox\Toolboxes\Data Management Tools.tbx\CopyFeatures" Date="20140530" Time="155815">CopyFeatures C:/assign_llid_temp.gdb\stations_copy C:/assign_llid_temp.gdb\out_success # 0 0 0</Process><Process ToolSource="c:\program files\arcgis\desktop10.1\ArcToolbox\Toolboxes\Data Management Tools.tbx\DeleteField" Date="20140530" Time="155819">DeleteField C:/assign_llid_temp.gdb\out_success AGENCY;AGENCY_ID;STATION_ID;DEC_LAT;DEC_LONG;DATUM;DESCRIPTIO;DESCRIPT_1;LLID_Strea;Str_LLID;Str_name;LAKE_LLID;LAKE_NAME</Process><Process ToolSource="c:\program files\arcgis\desktop10.1\ArcToolbox\Toolboxes\Data Management Tools.tbx\JoinField" Date="20140530" Time="155823">JoinField C:/assign_llid_temp.gdb\out_success Unique_ID C:/assign_llid_temp.gdb/out1 Unique_ID #</Process><Process ToolSource="c:\program files\arcgis\desktop10.1\ArcToolbox\Toolboxes\Data Management Tools.tbx\CopyFeatures" Date="20140530" Time="155827">CopyFeatures qc_lyr C:\Master_List_of_Stations_Results_Tol12000_II.gdb\qc_needs_review # 0 0 0</Process><Process ToolSource="c:\program files\arcgis\desktop10.1\ArcToolbox\Toolboxes\Data Management Tools.tbx\DeleteField" Date="20140618" Time="164942">DeleteField E:/GitHub/ToxicsRedo/StationsToLocate/FinalList\Master_List_of_Stations_Results_Tol12000_II_Edits.gdb/qc_needs_review RID;MEAS;Distance;AGENCY;AGENCY_ID;STATION_ID;DEC_LAT;DEC_LONG;DATUM;DESCRIPTIO;DESCRIPT_1;LLID_Strea;Str_LLID;Str_name;LAKE_LLID;LAKE_NAME;Unique_ID_1;QAQC</Process><Process ToolSource="c:\program files\arcgis\desktop10.1\ArcToolbox\Toolboxes\Data Management Tools.tbx\JoinField" Date="20140618" Time="165016">JoinField E:/GitHub/ToxicsRedo/StationsToLocate/FinalList\Master_List_of_Stations_Results_Tol12000_II_Edits.gdb/qc_needs_review Unique_ID E:/GitHub/ToxicsRedo/StationsToLocate/FinalList\Master_List_of_Stations_Results_Tol12000_II_Edits.gdb/needs_review_table Unique_ID #</Process><Process ToolSource="c:\program files\arcgis\desktop10.1\ArcToolbox\Toolboxes\Data Management Tools.tbx\DeleteField" Date="20140618" Time="165343">DeleteField E:/GitHub/ToxicsRedo/StationsToLocate/FinalList\Master_List_of_Stations_Results_Tol12000_II_Edits.gdb/qc_needs_review OBJECTID_1;Unique_ID_1;LLID;LAKE_LLID;RF;Distance;AGENCY;AGENCY_ID;STATION;DEC_LAT;DEC_LONG;DATUM;DESCRIPTION;DESCRIPT_1;LLID_Strea;Str_LLID;Str_name;LAKE_NAME;Unique_ID_;QAQC1;QAQC2;Has_Duplicate_Station;Comments</Process><Process ToolSource="c:\program files\arcgis\desktop10.1\ArcToolbox\Toolboxes\Data Management Tools.tbx\JoinField" Date="20140618" Time="165415">JoinField E:/GitHub/ToxicsRedo/StationsToLocate/FinalList\Master_List_of_Stations_Results_Tol12000_II_Edits.gdb/qc_needs_review Unique_ID E:/GitHub/ToxicsRedo/StationsToLocate/FinalList\Master_List_of_Stations_Results_Tol12000_II_Edits.gdb/needs_review_table Unique_ID #</Process><Process ToolSource="c:\program files\arcgis\desktop10.1\ArcToolbox\Toolboxes\Data Management Tools.tbx\CopyFeatures" Date="20140624" Time="131906">CopyFeatures E:/GitHub/ToxicsRedo/StationsToLocate/FinalList\Master_List_of_Stations_Results_Tol12000_II_Edits.gdb/qc_needs_review E:/GitHub/ToxicsRedo/StationsToLocate/FinalList\Master_List_of_Stations_Results_Tol12000_II_Edits.gdb\qc_needs_review_update # 0 0 0</Process><Process ToolSource="c:\program files\arcgis\desktop10.1\ArcToolbox\Toolboxes\Data Management Tools.tbx\AddField" Date="20140624" Time="132002">AddField E:/GitHub/ToxicsRedo/StationsToLocate/FinalList\Master_List_of_Stations_Results_Tol12000_II_Edits.gdb/qc_needs_review_update Duplicate SHORT # # # # NULLABLE NON_REQUIRED #</Process><Process ToolSource="c:\program files\arcgis\desktop10.1\ArcToolbox\Toolboxes\Data Management Tools.tbx\CalculateField" Date="20140624" Time="132012">CalculateField E:/GitHub/ToxicsRedo/StationsToLocate/FinalList\Master_List_of_Stations_Results_Tol12000_II_Edits.gdb/qc_needs_review_update Duplicate isDuplicate( !STATION! ) PYTHON_9.3 "uniqueList = []\ndef isDuplicate(inValue):\n    if inValue in uniqueList:\n        return 1\n    else:\n        uniqueList.append(inValue)\n        return 0"</Process><Process ToolSource="c:\program files\arcgis\desktop10.1\ArcToolbox\Toolboxes\Data Management Tools.tbx\Merge" Date="20140624" Time="142100">Merge E:/GitHub/ToxicsRedo/StationsToLocate/FinalList\Master_List_of_Stations_Results_Tol12000_II_Edits.gdb/qc_needs_review_update;E:/GitHub/ToxicsRedo/StationsToLocate/FinalList\Additional_LASAR_Stations_Edits.gdb/All_stations_update;E:/GitHub/ToxicsRedo/StationsToLocate/FinalList\Master_List_of_Stations_Results_Tol12000_II_Edits.gdb/qc_success_update;E:/GitHub/ToxicsRedo/StationsToLocate/FinalList\Master_List_of_Stations_Results_Tol12000_II_Edits.gdb/outside_threshold_update E:/GitHub/ToxicsRedo/StationsToLocate/FinalList\All_Final.gdb\All_stations "Unique_ID "Unique_ID" true true false 8 Double 0 0 ,First,#,E:/GitHub/ToxicsRedo/StationsToLocate/FinalList\Master_List_of_Stations_Results_Tol12000_II_Edits.gdb/qc_needs_review_update,Unique_ID,-1,-1,E:/GitHub/ToxicsRedo/StationsToLocate/FinalList\Additional_LASAR_Stations_Edits.gdb/All_stations_update,Unique_ID,-1,-1,E:/GitHub/ToxicsRedo/StationsToLocate/FinalList\Master_List_of_Stations_Results_Tol12000_II_Edits.gdb/qc_success_update,Unique_ID,-1,-1,E:/GitHub/ToxicsRedo/StationsToLocate/FinalList\Master_List_of_Stations_Results_Tol12000_II_Edits.gdb/outside_threshold_update,Unique_ID,-1,-1;OBJECTID_1 "OBJECTID" true true false 4 Long 0 0 ,First,#,E:/GitHub/ToxicsRedo/StationsToLocate/FinalList\Master_List_of_Stations_Results_Tol12000_II_Edits.gdb/qc_needs_review_update,OBJECTID_1,-1,-1,E:/GitHub/ToxicsRedo/StationsToLocate/FinalList\Additional_LASAR_Stations_Edits.gdb/All_stations_update,OBJECTID_1,-1,-1,E:/GitHub/ToxicsRedo/StationsToLocate/FinalList\Master_List_of_Stations_Results_Tol12000_II_Edits.gdb/qc_success_update,OBJECTID_1,-1,-1,E:/GitHub/ToxicsRedo/StationsToLocate/FinalList\Master_List_of_Stations_Results_Tol12000_II_Edits.gdb/outside_threshold_update,OBJECTID_1,-1,-1;Unique_ID_1 "Unique_ID" true true false 4 Long 0 0 ,First,#,E:/GitHub/ToxicsRedo/StationsToLocate/FinalList\Master_List_of_Stations_Results_Tol12000_II_Edits.gdb/qc_needs_review_update,Unique_ID_1,-1,-1,E:/GitHub/ToxicsRedo/StationsToLocate/FinalList\Additional_LASAR_Stations_Edits.gdb/All_stations_update,Unique_ID_1,-1,-1,E:/GitHub/ToxicsRedo/StationsToLocate/FinalList\Master_List_of_Stations_Results_Tol12000_II_Edits.gdb/qc_success_update,Unique_ID_1,-1,-1,E:/GitHub/ToxicsRedo/StationsToLocate/FinalList\Master_List_of_Stations_Results_Tol12000_II_Edits.gdb/outside_threshold_update,Unique_ID_1,-1,-1;LLID "LLID" true true false 8 Double 0 0 ,First,#,E:/GitHub/ToxicsRedo/StationsToLocate/FinalList\Master_List_of_Stations_Results_Tol12000_II_Edits.gdb/qc_needs_review_update,LLID,-1,-1,E:/GitHub/ToxicsRedo/StationsToLocate/FinalList\Additional_LASAR_Stations_Edits.gdb/All_stations_update,LLID,-1,-1,E:/GitHub/ToxicsRedo/StationsToLocate/FinalList\Master_List_of_Stations_Results_Tol12000_II_Edits.gdb/qc_success_update,LLID,-1,-1,E:/GitHub/ToxicsRedo/StationsToLocate/FinalList\Master_List_of_Stations_Results_Tol12000_II_Edits.gdb/outside_threshold_update,LLID,-1,-1;LAKE_LLID "LAKE_LLID" true true false 8 Double 0 0 ,First,#,E:/GitHub/ToxicsRedo/StationsToLocate/FinalList\Master_List_of_Stations_Results_Tol12000_II_Edits.gdb/qc_needs_review_update,LAKE_LLID,-1,-1,E:/GitHub/ToxicsRedo/StationsToLocate/FinalList\Additional_LASAR_Stations_Edits.gdb/All_stations_update,LAKE_LLID,-1,-1,E:/GitHub/ToxicsRedo/StationsToLocate/FinalList\Master_List_of_Stations_Results_Tol12000_II_Edits.gdb/qc_success_update,LAKE_LLID,-1,-1,E:/GitHub/ToxicsRedo/StationsToLocate/FinalList\Master_List_of_Stations_Results_Tol12000_II_Edits.gdb/outside_threshold_update,LAKE_LLID,-1,-1;RF "RF" true true false 8 Double 0 0 ,First,#,E:/GitHub/ToxicsRedo/StationsToLocate/FinalList\Master_List_of_Stations_Results_Tol12000_II_Edits.gdb/qc_needs_review_update,RF,-1,-1,E:/GitHub/ToxicsRedo/StationsToLocate/FinalList\Additional_LASAR_Stations_Edits.gdb/All_stations_update,RF,-1,-1,E:/GitHub/ToxicsRedo/StationsToLocate/FinalList\Master_List_of_Stations_Results_Tol12000_II_Edits.gdb/qc_success_update,RF,-1,-1,E:/GitHub/ToxicsRedo/StationsToLocate/FinalList\Master_List_of_Stations_Results_Tol12000_II_Edits.gdb/outside_threshold_update,RF,-1,-1;Distance "Distance" true true false 8 Double 0 0 ,First,#,E:/GitHub/ToxicsRedo/StationsToLocate/FinalList\Master_List_of_Stations_Results_Tol12000_II_Edits.gdb/qc_needs_review_update,Distance,-1,-1,E:/GitHub/ToxicsRedo/StationsToLocate/FinalList\Additional_LASAR_Stations_Edits.gdb/All_stations_update,DISTANCE,-1,-1,E:/GitHub/ToxicsRedo/StationsToLocate/FinalList\Master_List_of_Stations_Results_Tol12000_II_Edits.gdb/qc_success_update,Distance,-1,-1,E:/GitHub/ToxicsRedo/StationsToLocate/FinalList\Master_List_of_Stations_Results_Tol12000_II_Edits.gdb/outside_threshold_update,Distance,-1,-1;AGENCY "AGENCY" true true false 255 Text 0 0 ,First,#,E:/GitHub/ToxicsRedo/StationsToLocate/FinalList\Master_List_of_Stations_Results_Tol12000_II_Edits.gdb/qc_needs_review_update,AGENCY,-1,-1,E:/GitHub/ToxicsRedo/StationsToLocate/FinalList\Additional_LASAR_Stations_Edits.gdb/All_stations_update,AGENCY,-1,-1,E:/GitHub/ToxicsRedo/StationsToLocate/FinalList\Master_List_of_Stations_Results_Tol12000_II_Edits.gdb/qc_success_update,AGENCY,-1,-1,E:/GitHub/ToxicsRedo/StationsToLocate/FinalList\Master_List_of_Stations_Results_Tol12000_II_Edits.gdb/outside_threshold_update,AGENCY,-1,-1;AGENCY_ID "AGENCY_ID" true true false 255 Text 0 0 ,First,#,E:/GitHub/ToxicsRedo/StationsToLocate/FinalList\Master_List_of_Stations_Results_Tol12000_II_Edits.gdb/qc_needs_review_update,AGENCY_ID,-1,-1,E:/GitHub/ToxicsRedo/StationsToLocate/FinalList\Additional_LASAR_Stations_Edits.gdb/All_stations_update,AGENCY_ID,-1,-1,E:/GitHub/ToxicsRedo/StationsToLocate/FinalList\Master_List_of_Stations_Results_Tol12000_II_Edits.gdb/qc_success_update,AGENCY_ID,-1,-1,E:/GitHub/ToxicsRedo/StationsToLocate/FinalList\Master_List_of_Stations_Results_Tol12000_II_Edits.gdb/outside_threshold_update,AGENCY_ID,-1,-1;STATION "STATION" true true false 255 Text 0 0 ,First,#,E:/GitHub/ToxicsRedo/StationsToLocate/FinalList\Master_List_of_Stations_Results_Tol12000_II_Edits.gdb/qc_needs_review_update,STATION,-1,-1,E:/GitHub/ToxicsRedo/StationsToLocate/FinalList\Additional_LASAR_Stations_Edits.gdb/All_stations_update,STATION,-1,-1,E:/GitHub/ToxicsRedo/StationsToLocate/FinalList\Master_List_of_Stations_Results_Tol12000_II_Edits.gdb/qc_success_update,STATION,-1,-1,E:/GitHub/ToxicsRedo/StationsToLocate/FinalList\Master_List_of_Stations_Results_Tol12000_II_Edits.gdb/outside_threshold_update,STATION,-1,-1;DEC_LAT "DEC_LAT" true true false 8 Double 0 0 ,First,#,E:/GitHub/ToxicsRedo/StationsToLocate/FinalList\Master_List_of_Stations_Results_Tol12000_II_Edits.gdb/qc_needs_review_update,DEC_LAT,-1,-1,E:/GitHub/ToxicsRedo/StationsToLocate/FinalList\Additional_LASAR_Stations_Edits.gdb/All_stations_update,DEC_LAT,-1,-1,E:/GitHub/ToxicsRedo/StationsToLocate/FinalList\Master_List_of_Stations_Results_Tol12000_II_Edits.gdb/qc_success_update,DEC_LAT,-1,-1,E:/GitHub/ToxicsRedo/StationsToLocate/FinalList\Master_List_of_Stations_Results_Tol12000_II_Edits.gdb/outside_threshold_update,DEC_LAT,-1,-1;DEC_LONG "DEC_LONG" true true false 8 Double 0 0 ,First,#,E:/GitHub/ToxicsRedo/StationsToLocate/FinalList\Master_List_of_Stations_Results_Tol12000_II_Edits.gdb/qc_needs_review_update,DEC_LONG,-1,-1,E:/GitHub/ToxicsRedo/StationsToLocate/FinalList\Additional_LASAR_Stations_Edits.gdb/All_stations_update,DEC_LONG,-1,-1,E:/GitHub/ToxicsRedo/StationsToLocate/FinalList\Master_List_of_Stations_Results_Tol12000_II_Edits.gdb/qc_success_update,DEC_LONG,-1,-1,E:/GitHub/ToxicsRedo/StationsToLocate/FinalList\Master_List_of_Stations_Results_Tol12000_II_Edits.gdb/outside_threshold_update,DEC_LONG,-1,-1;DATUM "DATUM" true true false 255 Text 0 0 ,First,#,E:/GitHub/ToxicsRedo/StationsToLocate/FinalList\Master_List_of_Stations_Results_Tol12000_II_Edits.gdb/qc_needs_review_update,DATUM,-1,-1,E:/GitHub/ToxicsRedo/StationsToLocate/FinalList\Additional_LASAR_Stations_Edits.gdb/All_stations_update,DATUM,-1,-1,E:/GitHub/ToxicsRedo/StationsToLocate/FinalList\Master_List_of_Stations_Results_Tol12000_II_Edits.gdb/qc_success_update,DATUM,-1,-1,E:/GitHub/ToxicsRedo/StationsToLocate/FinalList\Master_List_of_Stations_Results_Tol12000_II_Edits.gdb/outside_threshold_update,DATUM,-1,-1;DESCRIPTION "DESCRIPTION" true true false 255 Text 0 0 ,First,#,E:/GitHub/ToxicsRedo/StationsToLocate/FinalList\Master_List_of_Stations_Results_Tol12000_II_Edits.gdb/qc_needs_review_update,DESCRIPTION,-1,-1,E:/GitHub/ToxicsRedo/StationsToLocate/FinalList\Additional_LASAR_Stations_Edits.gdb/All_stations_update,DESCRIPTION,-1,-1,E:/GitHub/ToxicsRedo/StationsToLocate/FinalList\Master_List_of_Stations_Results_Tol12000_II_Edits.gdb/qc_success_update,DESCRIPTION,-1,-1,E:/GitHub/ToxicsRedo/StationsToLocate/FinalList\Master_List_of_Stations_Results_Tol12000_II_Edits.gdb/outside_threshold_update,DESCRIPTION,-1,-1;DESCRIPT_1 "DESCRIPT_1" true true false 255 Text 0 0 ,First,#,E:/GitHub/ToxicsRedo/StationsToLocate/FinalList\Master_List_of_Stations_Results_Tol12000_II_Edits.gdb/qc_needs_review_update,DESCRIPT_1,-1,-1,E:/GitHub/ToxicsRedo/StationsToLocate/FinalList\Master_List_of_Stations_Results_Tol12000_II_Edits.gdb/qc_success_update,DESCRIPT_1,-1,-1,E:/GitHub/ToxicsRedo/StationsToLocate/FinalList\Master_List_of_Stations_Results_Tol12000_II_Edits.gdb/outside_threshold_update,DESCRIPT_1,-1,-1;LLID_Strea "LLID_Strea" true true false 255 Text 0 0 ,First,#,E:/GitHub/ToxicsRedo/StationsToLocate/FinalList\Master_List_of_Stations_Results_Tol12000_II_Edits.gdb/qc_needs_review_update,LLID_Strea,-1,-1,E:/GitHub/ToxicsRedo/StationsToLocate/FinalList\Master_List_of_Stations_Results_Tol12000_II_Edits.gdb/qc_success_update,LLID_Strea,-1,-1,E:/GitHub/ToxicsRedo/StationsToLocate/FinalList\Master_List_of_Stations_Results_Tol12000_II_Edits.gdb/outside_threshold_update,LLID_Strea,-1,-1;Str_LLID "Str_LLID" true true false 255 Text 0 0 ,First,#,E:/GitHub/ToxicsRedo/StationsToLocate/FinalList\Master_List_of_Stations_Results_Tol12000_II_Edits.gdb/qc_needs_review_update,Str_LLID,-1,-1,E:/GitHub/ToxicsRedo/StationsToLocate/FinalList\Master_List_of_Stations_Results_Tol12000_II_Edits.gdb/qc_success_update,Str_LLID,-1,-1,E:/GitHub/ToxicsRedo/StationsToLocate/FinalList\Master_List_of_Stations_Results_Tol12000_II_Edits.gdb/outside_threshold_update,Str_LLID,-1,-1;Str_name "Str_name" true true false 255 Text 0 0 ,First,#,E:/GitHub/ToxicsRedo/StationsToLocate/FinalList\Master_List_of_Stations_Results_Tol12000_II_Edits.gdb/qc_needs_review_update,Str_name,-1,-1,E:/GitHub/ToxicsRedo/StationsToLocate/FinalList\Master_List_of_Stations_Results_Tol12000_II_Edits.gdb/qc_success_update,Str_name,-1,-1,E:/GitHub/ToxicsRedo/StationsToLocate/FinalList\Master_List_of_Stations_Results_Tol12000_II_Edits.gdb/outside_threshold_update,Str_name,-1,-1;LAKE_NAME "LAKE_NAME" true true false 255 Text 0 0 ,First,#,E:/GitHub/ToxicsRedo/StationsToLocate/FinalList\Master_List_of_Stations_Results_Tol12000_II_Edits.gdb/qc_needs_review_update,LAKE_NAME,-1,-1,E:/GitHub/ToxicsRedo/StationsToLocate/FinalList\Master_List_of_Stations_Results_Tol12000_II_Edits.gdb/qc_success_update,LAKE_NAME,-1,-1,E:/GitHub/ToxicsRedo/StationsToLocate/FinalList\Master_List_of_Stations_Results_Tol12000_II_Edits.gdb/outside_threshold_update,LAKE_NAME,-1,-1;Unique_ID_ "Unique_ID_" true true false 4 Long 0 0 ,First,#,E:/GitHub/ToxicsRedo/StationsToLocate/FinalList\Master_List_of_Stations_Results_Tol12000_II_Edits.gdb/qc_needs_review_update,Unique_ID_,-1,-1,E:/GitHub/ToxicsRedo/StationsToLocate/FinalList\Master_List_of_Stations_Results_Tol12000_II_Edits.gdb/qc_success_update,Unique_ID_,-1,-1;QAQC1 "QAQC1" true true false 255 Text 0 0 ,First,#,E:/GitHub/ToxicsRedo/StationsToLocate/FinalList\Master_List_of_Stations_Results_Tol12000_II_Edits.gdb/qc_needs_review_update,QAQC1,-1,-1,E:/GitHub/ToxicsRedo/StationsToLocate/FinalList\Additional_LASAR_Stations_Edits.gdb/All_stations_update,QAQC1,-1,-1,E:/GitHub/ToxicsRedo/StationsToLocate/FinalList\Master_List_of_Stations_Results_Tol12000_II_Edits.gdb/qc_success_update,QAQC1,-1,-1,E:/GitHub/ToxicsRedo/StationsToLocate/FinalList\Master_List_of_Stations_Results_Tol12000_II_Edits.gdb/outside_threshold_update,QAQC1,-1,-1;QAQC2 "QAQC2" true true false 255 Text 0 0 ,First,#,E:/GitHub/ToxicsRedo/StationsToLocate/FinalList\Master_List_of_Stations_Results_Tol12000_II_Edits.gdb/qc_needs_review_update,QAQC2,-1,-1,E:/GitHub/ToxicsRedo/StationsToLocate/FinalList\Additional_LASAR_Stations_Edits.gdb/All_stations_update,QAQC2,-1,-1,E:/GitHub/ToxicsRedo/StationsToLocate/FinalList\Master_List_of_Stations_Results_Tol12000_II_Edits.gdb/qc_success_update,QAQC2,-1,-1,E:/GitHub/ToxicsRedo/StationsToLocate/FinalList\Master_List_of_Stations_Results_Tol12000_II_Edits.gdb/outside_threshold_update,QAQC2,-1,-1;Has_Duplicate_Station "Has_Duplicate_Station" true true false 255 Text 0 0 ,First,#,E:/GitHub/ToxicsRedo/StationsToLocate/FinalList\Master_List_of_Stations_Results_Tol12000_II_Edits.gdb/qc_needs_review_update,Has_Duplicate_Station,-1,-1,E:/GitHub/ToxicsRedo/StationsToLocate/FinalList\Master_List_of_Stations_Results_Tol12000_II_Edits.gdb/qc_success_update,Has_Duplicate_Station,-1,-1,E:/GitHub/ToxicsRedo/StationsToLocate/FinalList\Master_List_of_Stations_Results_Tol12000_II_Edits.gdb/outside_threshold_update,Has_Duplicate_Station,-1,-1;Comments "Comments" true true false 255 Text 0 0 ,First,#,E:/GitHub/ToxicsRedo/StationsToLocate/FinalList\Master_List_of_Stations_Results_Tol12000_II_Edits.gdb/qc_needs_review_update,Comments,-1,-1,E:/GitHub/ToxicsRedo/StationsToLocate/FinalList\Additional_LASAR_Stations_Edits.gdb/All_stations_update,Comments,-1,-1,E:/GitHub/ToxicsRedo/StationsToLocate/FinalList\Master_List_of_Stations_Results_Tol12000_II_Edits.gdb/qc_success_update,Comments,-1,-1,E:/GitHub/ToxicsRedo/StationsToLocate/FinalList\Master_List_of_Stations_Results_Tol12000_II_Edits.gdb/outside_threshold_update,Comments,-1,-1;Duplicate "Duplicate" true true false 2 Short 0 0 ,First,#,E:/GitHub/ToxicsRedo/StationsToLocate/FinalList\Master_List_of_Stations_Results_Tol12000_II_Edits.gdb/qc_needs_review_update,Duplicate,-1,-1,E:/GitHub/ToxicsRedo/StationsToLocate/FinalList\Master_List_of_Stations_Results_Tol12000_II_Edits.gdb/qc_success_update,Duplicate,-1,-1,E:/GitHub/ToxicsRedo/StationsToLocate/FinalList\Master_List_of_Stations_Results_Tol12000_II_Edits.gdb/outside_threshold_update,Duplicate,-1,-1;Elevationm "Elevationm" true true false 8 Double 0 0 ,First,#,E:/GitHub/ToxicsRedo/StationsToLocate/FinalList\Additional_LASAR_Stations_Edits.gdb/All_stations_update,Elevationm,-1,-1"</Process><Process ToolSource="c:\program files\arcgis\desktop10.1\ArcToolbox\Toolboxes\Data Management Tools.tbx\AddField" Date="20140624" Time="142102">AddField E:/GitHub/ToxicsRedo/StationsToLocate/FinalList\All_Final.gdb/All_stations RIVER_MILE DOUBLE # # # # NULLABLE NON_REQUIRED #</Process><Process ToolSource="c:\program files\arcgis\desktop10.1\ArcToolbox\Toolboxes\Data Management Tools.tbx\CalculateField" Date="20140624" Time="142109">CalculateField E:/GitHub/ToxicsRedo/StationsToLocate/FinalList\All_Final.gdb/All_stations RIVER_MILE !RF!/5280 PYTHON_9.3 #</Process><Process ToolSource="c:\program files\arcgis\desktop10.1\ArcToolbox\Toolboxes\Analysis Tools.tbx\SpatialJoin" Date="20140624" Time="142250">SpatialJoin E:/GitHub/ToxicsRedo/StationsToLocate/FinalList\All_Final.gdb/All_stations F:/Base_Data/Hydrography/NHD/NHDH_OR_931v210/NHDH_OR.gdb/WBD/WBD_HU6 E:/GitHub/ToxicsRedo/StationsToLocate/FinalList\All_Final.gdb\All_stations_huc3 JOIN_ONE_TO_ONE KEEP_ALL "Unique_ID "Unique_ID" true true false 8 Double 0 0 ,First,#,E:/GitHub/ToxicsRedo/StationsToLocate/FinalList\All_Final.gdb/All_stations,Unique_ID,-1,-1;OBJECTID_1 "OBJECTID" true true false 4 Long 0 0 ,First,#,E:/GitHub/ToxicsRedo/StationsToLocate/FinalList\All_Final.gdb/All_stations,OBJECTID_1,-1,-1;Unique_ID_1 "Unique_ID" true true false 4 Long 0 0 ,First,#,E:/GitHub/ToxicsRedo/StationsToLocate/FinalList\All_Final.gdb/All_stations,Unique_ID_1,-1,-1;LLID "LLID" true true false 8 Double 0 0 ,First,#,E:/GitHub/ToxicsRedo/StationsToLocate/FinalList\All_Final.gdb/All_stations,LLID,-1,-1;LAKE_LLID "LAKE_LLID" true true false 8 Double 0 0 ,First,#,E:/GitHub/ToxicsRedo/StationsToLocate/FinalList\All_Final.gdb/All_stations,LAKE_LLID,-1,-1;RF "RF" true true false 8 Double 0 0 ,First,#,E:/GitHub/ToxicsRedo/StationsToLocate/FinalList\All_Final.gdb/All_stations,RF,-1,-1;Distance "Distance" true true false 8 Double 0 0 ,First,#,E:/GitHub/ToxicsRedo/StationsToLocate/FinalList\All_Final.gdb/All_stations,Distance,-1,-1;AGENCY "AGENCY" true true false 255 Text 0 0 ,First,#,E:/GitHub/ToxicsRedo/StationsToLocate/FinalList\All_Final.gdb/All_stations,AGENCY,-1,-1;AGENCY_ID "AGENCY_ID" true true false 255 Text 0 0 ,First,#,E:/GitHub/ToxicsRedo/StationsToLocate/FinalList\All_Final.gdb/All_stations,AGENCY_ID,-1,-1;STATION "STATION" true true false 255 Text 0 0 ,First,#,E:/GitHub/ToxicsRedo/StationsToLocate/FinalList\All_Final.gdb/All_stations,STATION,-1,-1;DEC_LAT "DEC_LAT" true true false 8 Double 0 0 ,First,#,E:/GitHub/ToxicsRedo/StationsToLocate/FinalList\All_Final.gdb/All_stations,DEC_LAT,-1,-1;DEC_LONG "DEC_LONG" true true false 8 Double 0 0 ,First,#,E:/GitHub/ToxicsRedo/StationsToLocate/FinalList\All_Final.gdb/All_stations,DEC_LONG,-1,-1;DATUM "DATUM" true true false 255 Text 0 0 ,First,#,E:/GitHub/ToxicsRedo/StationsToLocate/FinalList\All_Final.gdb/All_stations,DATUM,-1,-1;DESCRIPTION "DESCRIPTION" true true false 255 Text 0 0 ,First,#,E:/GitHub/ToxicsRedo/StationsToLocate/FinalList\All_Final.gdb/All_stations,DESCRIPTION,-1,-1;DESCRIPT_1 "DESCRIPT_1" true true false 255 Text 0 0 ,First,#,E:/GitHub/ToxicsRedo/StationsToLocate/FinalList\All_Final.gdb/All_stations,DESCRIPT_1,-1,-1;LLID_Strea "LLID_Strea" true true false 255 Text 0 0 ,First,#,E:/GitHub/ToxicsRedo/StationsToLocate/FinalList\All_Final.gdb/All_stations,LLID_Strea,-1,-1;Str_LLID "Str_LLID" true true false 255 Text 0 0 ,First,#,E:/GitHub/ToxicsRedo/StationsToLocate/FinalList\All_Final.gdb/All_stations,Str_LLID,-1,-1;Str_name "Str_name" true true false 255 Text 0 0 ,First,#,E:/GitHub/ToxicsRedo/StationsToLocate/FinalList\All_Final.gdb/All_stations,Str_name,-1,-1;LAKE_NAME "LAKE_NAME" true true false 255 Text 0 0 ,First,#,E:/GitHub/ToxicsRedo/StationsToLocate/FinalList\All_Final.gdb/All_stations,LAKE_NAME,-1,-1;Unique_ID_ "Unique_ID_" true true false 4 Long 0 0 ,First,#,E:/GitHub/ToxicsRedo/StationsToLocate/FinalList\All_Final.gdb/All_stations,Unique_ID_,-1,-1;QAQC1 "QAQC1" true true false 255 Text 0 0 ,First,#,E:/GitHub/ToxicsRedo/StationsToLocate/FinalList\All_Final.gdb/All_stations,QAQC1,-1,-1;QAQC2 "QAQC2" true true false 255 Text 0 0 ,First,#,E:/GitHub/ToxicsRedo/StationsToLocate/FinalList\All_Final.gdb/All_stations,QAQC2,-1,-1;Has_Duplicate_Station "Has_Duplicate_Station" true true false 255 Text 0 0 ,First,#,E:/GitHub/ToxicsRedo/StationsToLocate/FinalList\All_Final.gdb/All_stations,Has_Duplicate_Station,-1,-1;Comments "Comments" true true false 255 Text 0 0 ,First,#,E:/GitHub/ToxicsRedo/StationsToLocate/FinalList\All_Final.gdb/All_stations,Comments,-1,-1;Duplicate "Duplicate" true true false 2 Short 0 0 ,First,#,E:/GitHub/ToxicsRedo/StationsToLocate/FinalList\All_Final.gdb/All_stations,Duplicate,-1,-1;Elevationm "Elevationm" true true false 8 Double 0 0 ,First,#,E:/GitHub/ToxicsRedo/StationsToLocate/FinalList\All_Final.gdb/All_stations,Elevationm,-1,-1;RIVER_MILE "RIVER_MILE" true true false 8 Double 0 0 ,First,#,E:/GitHub/ToxicsRedo/StationsToLocate/FinalList\All_Final.gdb/All_stations,RIVER_MILE,-1,-1;Gaz_ID "Gaz_ID" true true false 4 Long 0 0 ,First,#,F:/Base_Data/Hydrography/NHD/NHDH_OR_931v210/NHDH_OR.gdb/WBD/WBD_HU6,Gaz_ID,-1,-1;Area_Acres "Area_Acres" true true false 8 Double 0 0 ,First,#,F:/Base_Data/Hydrography/NHD/NHDH_OR_931v210/NHDH_OR.gdb/WBD/WBD_HU6,Area_Acres,-1,-1;Area_SqKm "Area_SqKm" true true false 8 Double 0 0 ,First,#,F:/Base_Data/Hydrography/NHD/NHDH_OR_931v210/NHDH_OR.gdb/WBD/WBD_HU6,Area_SqKm,-1,-1;States "States" true true false 50 Text 0 0 ,First,#,F:/Base_Data/Hydrography/NHD/NHDH_OR_931v210/NHDH_OR.gdb/WBD/WBD_HU6,States,-1,-1;LoadDate "LoadDate" true true false 8 Date 0 0 ,First,#,F:/Base_Data/Hydrography/NHD/NHDH_OR_931v210/NHDH_OR.gdb/WBD/WBD_HU6,LoadDate,-1,-1;HUC_6 "HUC_6" true true false 6 Text 0 0 ,First,#,F:/Base_Data/Hydrography/NHD/NHDH_OR_931v210/NHDH_OR.gdb/WBD/WBD_HU6,HUC_6,-1,-1;HU_6_Name "HU_6_Name" true true false 120 Text 0 0 ,First,#,F:/Base_Data/Hydrography/NHD/NHDH_OR_931v210/NHDH_OR.gdb/WBD/WBD_HU6,HU_6_Name,-1,-1;Shape_Length "Shape_Length" false true true 8 Double 0 0 ,First,#,F:/Base_Data/Hydrography/NHD/NHDH_OR_931v210/NHDH_OR.gdb/WBD/WBD_HU6,Shape_Length,-1,-1;Shape_Area "Shape_Area" false true true 8 Double 0 0 ,First,#,F:/Base_Data/Hydrography/NHD/NHDH_OR_931v210/NHDH_OR.gdb/WBD/WBD_HU6,Shape_Area,-1,-1;TNMID "TNMID" true true false 40 Text 0 0 ,First,#,F:/Base_Data/Hydrography/NHD/NHDH_OR_931v210/NHDH_OR.gdb/WBD/WBD_HU6,TNMID,-1,-1" INTERSECT # #</Process><Process ToolSource="c:\program files\arcgis\desktop10.1\ArcToolbox\Toolboxes\Analysis Tools.tbx\SpatialJoin" Date="20140624" Time="142300">SpatialJoin E:/GitHub/ToxicsRedo/StationsToLocate/FinalList\All_Final.gdb/All_stations_huc3 F:/Base_Data/Hydrography/NHD/NHDH_OR_931v210/NHDH_OR.gdb/WBD/WBD_HU8 E:/GitHub/ToxicsRedo/StationsToLocate/FinalList\All_Final.gdb\All_stations_huc4 JOIN_ONE_TO_ONE KEEP_ALL "Join_Count "Join_Count" true true false 4 Long 0 0 ,First,#,E:/GitHub/ToxicsRedo/StationsToLocate/FinalList\All_Final.gdb/All_stations_huc3,Join_Count,-1,-1;TARGET_FID "TARGET_FID" true true false 4 Long 0 0 ,First,#,E:/GitHub/ToxicsRedo/StationsToLocate/FinalList\All_Final.gdb/All_stations_huc3,TARGET_FID,-1,-1;Unique_ID "Unique_ID" true true false 8 Double 0 0 ,First,#,E:/GitHub/ToxicsRedo/StationsToLocate/FinalList\All_Final.gdb/All_stations_huc3,Unique_ID,-1,-1;OBJECTID_1 "OBJECTID" true true false 4 Long 0 0 ,First,#,E:/GitHub/ToxicsRedo/StationsToLocate/FinalList\All_Final.gdb/All_stations_huc3,OBJECTID_1,-1,-1;Unique_ID_1 "Unique_ID" true true false 4 Long 0 0 ,First,#,E:/GitHub/ToxicsRedo/StationsToLocate/FinalList\All_Final.gdb/All_stations_huc3,Unique_ID_1,-1,-1;LLID "LLID" true true false 8 Double 0 0 ,First,#,E:/GitHub/ToxicsRedo/StationsToLocate/FinalList\All_Final.gdb/All_stations_huc3,LLID,-1,-1;LAKE_LLID "LAKE_LLID" true true false 8 Double 0 0 ,First,#,E:/GitHub/ToxicsRedo/StationsToLocate/FinalList\All_Final.gdb/All_stations_huc3,LAKE_LLID,-1,-1;RF "RF" true true false 8 Double 0 0 ,First,#,E:/GitHub/ToxicsRedo/StationsToLocate/FinalList\All_Final.gdb/All_stations_huc3,RF,-1,-1;Distance "Distance" true true false 8 Double 0 0 ,First,#,E:/GitHub/ToxicsRedo/StationsToLocate/FinalList\All_Final.gdb/All_stations_huc3,Distance,-1,-1;AGENCY "AGENCY" true true false 255 Text 0 0 ,First,#,E:/GitHub/ToxicsRedo/StationsToLocate/FinalList\All_Final.gdb/All_stations_huc3,AGENCY,-1,-1;AGENCY_ID "AGENCY_ID" true true false 255 Text 0 0 ,First,#,E:/GitHub/ToxicsRedo/StationsToLocate/FinalList\All_Final.gdb/All_stations_huc3,AGENCY_ID,-1,-1;STATION "STATION" true true false 255 Text 0 0 ,First,#,E:/GitHub/ToxicsRedo/StationsToLocate/FinalList\All_Final.gdb/All_stations_huc3,STATION,-1,-1;DEC_LAT "DEC_LAT" true true false 8 Double 0 0 ,First,#,E:/GitHub/ToxicsRedo/StationsToLocate/FinalList\All_Final.gdb/All_stations_huc3,DEC_LAT,-1,-1;DEC_LONG "DEC_LONG" true true false 8 Double 0 0 ,First,#,E:/GitHub/ToxicsRedo/StationsToLocate/FinalList\All_Final.gdb/All_stations_huc3,DEC_LONG,-1,-1;DATUM "DATUM" true true false 255 Text 0 0 ,First,#,E:/GitHub/ToxicsRedo/StationsToLocate/FinalList\All_Final.gdb/All_stations_huc3,DATUM,-1,-1;DESCRIPTION "DESCRIPTION" true true false 255 Text 0 0 ,First,#,E:/GitHub/ToxicsRedo/StationsToLocate/FinalList\All_Final.gdb/All_stations_huc3,DESCRIPTION,-1,-1;DESCRIPT_1 "DESCRIPT_1" true true false 255 Text 0 0 ,First,#,E:/GitHub/ToxicsRedo/StationsToLocate/FinalList\All_Final.gdb/All_stations_huc3,DESCRIPT_1,-1,-1;LLID_Strea "LLID_Strea" true true false 255 Text 0 0 ,First,#,E:/GitHub/ToxicsRedo/StationsToLocate/FinalList\All_Final.gdb/All_stations_huc3,LLID_Strea,-1,-1;Str_LLID "Str_LLID" true true false 255 Text 0 0 ,First,#,E:/GitHub/ToxicsRedo/StationsToLocate/FinalList\All_Final.gdb/All_stations_huc3,Str_LLID,-1,-1;Str_name "Str_name" true true false 255 Text 0 0 ,First,#,E:/GitHub/ToxicsRedo/StationsToLocate/FinalList\All_Final.gdb/All_stations_huc3,Str_name,-1,-1;LAKE_NAME "LAKE_NAME" true true false 255 Text 0 0 ,First,#,E:/GitHub/ToxicsRedo/StationsToLocate/FinalList\All_Final.gdb/All_stations_huc3,LAKE_NAME,-1,-1;Unique_ID_ "Unique_ID_" true true false 4 Long 0 0 ,First,#,E:/GitHub/ToxicsRedo/StationsToLocate/FinalList\All_Final.gdb/All_stations_huc3,Unique_ID_,-1,-1;QAQC1 "QAQC1" true true false 255 Text 0 0 ,First,#,E:/GitHub/ToxicsRedo/StationsToLocate/FinalList\All_Final.gdb/All_stations_huc3,QAQC1,-1,-1;QAQC2 "QAQC2" true true false 255 Text 0 0 ,First,#,E:/GitHub/ToxicsRedo/StationsToLocate/FinalList\All_Final.gdb/All_stations_huc3,QAQC2,-1,-1;Has_Duplicate_Station "Has_Duplicate_Station" true true false 255 Text 0 0 ,First,#,E:/GitHub/ToxicsRedo/StationsToLocate/FinalList\All_Final.gdb/All_stations_huc3,Has_Duplicate_Station,-1,-1;Comments "Comments" true true false 255 Text 0 0 ,First,#,E:/GitHub/ToxicsRedo/StationsToLocate/FinalList\All_Final.gdb/All_stations_huc3,Comments,-1,-1;Duplicate "Duplicate" true true false 2 Short 0 0 ,First,#,E:/GitHub/ToxicsRedo/StationsToLocate/FinalList\All_Final.gdb/All_stations_huc3,Duplicate,-1,-1;Elevationm "Elevationm" true true false 8 Double 0 0 ,First,#,E:/GitHub/ToxicsRedo/StationsToLocate/FinalList\All_Final.gdb/All_stations_huc3,Elevationm,-1,-1;RIVER_MILE "RIVER_MILE" true true false 8 Double 0 0 ,First,#,E:/GitHub/ToxicsRedo/StationsToLocate/FinalList\All_Final.gdb/All_stations_huc3,RIVER_MILE,-1,-1;Gaz_ID "Gaz_ID" true true false 4 Long 0 0 ,First,#,E:/GitHub/ToxicsRedo/StationsToLocate/FinalList\All_Final.gdb/All_stations_huc3,Gaz_ID,-1,-1;Area_Acres "Area_Acres" true true false 8 Double 0 0 ,First,#,E:/GitHub/ToxicsRedo/StationsToLocate/FinalList\All_Final.gdb/All_stations_huc3,Area_Acres,-1,-1;Area_SqKm "Area_SqKm" true true false 8 Double 0 0 ,First,#,E:/GitHub/ToxicsRedo/StationsToLocate/FinalList\All_Final.gdb/All_stations_huc3,Area_SqKm,-1,-1;States "States" true true false 50 Text 0 0 ,First,#,E:/GitHub/ToxicsRedo/StationsToLocate/FinalList\All_Final.gdb/All_stations_huc3,States,-1,-1;LoadDate "LoadDate" true true false 8 Date 0 0 ,First,#,E:/GitHub/ToxicsRedo/StationsToLocate/FinalList\All_Final.gdb/All_stations_huc3,LoadDate,-1,-1;HUC_6 "HUC_6" true true false 6 Text 0 0 ,First,#,E:/GitHub/ToxicsRedo/StationsToLocate/FinalList\All_Final.gdb/All_stations_huc3,HUC_6,-1,-1;HU_6_Name "HU_6_Name" true true false 120 Text 0 0 ,First,#,E:/GitHub/ToxicsRedo/StationsToLocate/FinalList\All_Final.gdb/All_stations_huc3,HU_6_Name,-1,-1;TNMID "TNMID" true true false 40 Text 0 0 ,First,#,E:/GitHub/ToxicsRedo/StationsToLocate/FinalList\All_Final.gdb/All_stations_huc3,TNMID,-1,-1;Gaz_ID_1 "Gaz_ID_1" true true false 4 Long 0 0 ,First,#,F:/Base_Data/Hydrography/NHD/NHDH_OR_931v210/NHDH_OR.gdb/WBD/WBD_HU8,Gaz_ID,-1,-1;Area_Acres_1 "Area_Acres_1" true true false 8 Double 0 0 ,First,#,F:/Base_Data/Hydrography/NHD/NHDH_OR_931v210/NHDH_OR.gdb/WBD/WBD_HU8,Area_Acres,-1,-1;Area_SqKm_1 "Area_SqKm_1" true true false 8 Double 0 0 ,First,#,F:/Base_Data/Hydrography/NHD/NHDH_OR_931v210/NHDH_OR.gdb/WBD/WBD_HU8,Area_SqKm,-1,-1;States_1 "States_1" true true false 50 Text 0 0 ,First,#,F:/Base_Data/Hydrography/NHD/NHDH_OR_931v210/NHDH_OR.gdb/WBD/WBD_HU8,States,-1,-1;LoadDate_1 "LoadDate_1" true true false 8 Date 0 0 ,First,#,F:/Base_Data/Hydrography/NHD/NHDH_OR_931v210/NHDH_OR.gdb/WBD/WBD_HU8,LoadDate,-1,-1;HUC_8 "HUC_8" true true false 8 Text 0 0 ,First,#,F:/Base_Data/Hydrography/NHD/NHDH_OR_931v210/NHDH_OR.gdb/WBD/WBD_HU8,HUC_8,-1,-1;HU_8_Name "HU_8_Name" true true false 120 Text 0 0 ,First,#,F:/Base_Data/Hydrography/NHD/NHDH_OR_931v210/NHDH_OR.gdb/WBD/WBD_HU8,HU_8_Name,-1,-1;Shape_Length "Shape_Length" false true true 8 Double 0 0 ,First,#,F:/Base_Data/Hydrography/NHD/NHDH_OR_931v210/NHDH_OR.gdb/WBD/WBD_HU8,Shape_Length,-1,-1;Shape_Area "Shape_Area" false true true 8 Double 0 0 ,First,#,F:/Base_Data/Hydrography/NHD/NHDH_OR_931v210/NHDH_OR.gdb/WBD/WBD_HU8,Shape_Area,-1,-1;TNMID_1 "TNMID_1" true true false 40 Text 0 0 ,First,#,F:/Base_Data/Hydrography/NHD/NHDH_OR_931v210/NHDH_OR.gdb/WBD/WBD_HU8,TNMID,-1,-1" INTERSECT # #</Process><Process ToolSource="c:\program files\arcgis\desktop10.1\ArcToolbox\Toolboxes\Data Management Tools.tbx\CopyFeatures" Date="20140624" Time="142310">CopyFeatures E:/GitHub/ToxicsRedo/StationsToLocate/FinalList\All_Final.gdb/All_stations_huc4 E:/GitHub/ToxicsRedo/StationsToLocate/FinalList\All_Final.gdb\All_stations_final # 0 0 0</Process><Process ToolSource="c:\program files\arcgis\desktop10.1\ArcToolbox\Toolboxes\Data Management Tools.tbx\DeleteField" Date="20140624" Time="142331">DeleteField E:/GitHub/ToxicsRedo/StationsToLocate/FinalList\All_Final.gdb/All_stations_final Join_Count;TARGET_FID;Join_Count_1;TARGET_FID_1;Unique_ID;OBJECTID_1;Unique_ID_1;RF;Distance;DATUM;DESCRIPT_1;LLID_Strea;Str_LLID;Str_name;LAKE_NAME;Unique_ID_;Has_Duplicate_Station;Duplicate;Elevationm;Gaz_ID;Area_Acres;Area_SqKm;States;LoadDate;TNMID;Gaz_ID_1;Area_Acres_1;Area_SqKm_1;States_1;LoadDate_1;TNMID_1</Process><Process ToolSource="c:\program files\arcgis\desktop10.1\ArcToolbox\Toolboxes\Data Management Tools.tbx\JoinField" Date="20140624" Time="142359">JoinField E:/GitHub/ToxicsRedo/StationsToLocate/FinalList\All_Final.gdb/All_stations_final LLID F:/Base_Data/DEQ_Data/WQ_2010_IntegratedReport_V3/WQ_2010_IntegratedReport_V3/Assessment.gdb/DEQ_Streams_25APR2013 LLID NAME;SOURCE</Process><Process ToolSource="c:\program files\arcgis\desktop10.1\ArcToolbox\Toolboxes\Data Management Tools.tbx\JoinField" Date="20140624" Time="142425">JoinField E:/GitHub/ToxicsRedo/StationsToLocate/FinalList\All_Final.gdb/All_stations_final LAKE_LLID F:/Base_Data/DEQ_Data/WQ_2010_IntegratedReport_V3/WQ_2010_IntegratedReport_V3/Assessment.gdb/DEQLakes_14JUN2013 WATERBODYI NAME;SOURCE</Process><Process ToolSource="c:\program files\arcgis\desktop10.1\ArcToolbox\Toolboxes\Data Management Tools.tbx\AddField" Date="20140624" Time="142433">AddField E:/GitHub/ToxicsRedo/StationsToLocate/FinalList\All_Final.gdb/All_stations_final GIS_STREAMNAME String # # # # NULLABLE NON_REQUIRED #</Process><Process ToolSource="c:\program files\arcgis\desktop10.1\ArcToolbox\Toolboxes\Data Management Tools.tbx\CalculateField" Date="20140624" Time="142440">CalculateField E:/GitHub/ToxicsRedo/StationsToLocate/FinalList\All_Final.gdb/All_stations_final GIS_STREAMNAME !NAME! PYTHON_9.3 #</Process><Process ToolSource="c:\program files\arcgis\desktop10.1\ArcToolbox\Toolboxes\Data Management Tools.tbx\DeleteField" Date="20140624" Time="142446">DeleteField E:/GitHub/ToxicsRedo/StationsToLocate/FinalList\All_Final.gdb/All_stations_final NAME</Process><Process ToolSource="c:\program files\arcgis\desktop10.1\ArcToolbox\Toolboxes\Data Management Tools.tbx\AddField" Date="20140624" Time="142453">AddField E:/GitHub/ToxicsRedo/StationsToLocate/FinalList\All_Final.gdb/All_stations_final LAKE_NAME String # # # # NULLABLE NON_REQUIRED #</Process><Process ToolSource="c:\program files\arcgis\desktop10.1\ArcToolbox\Toolboxes\Data Management Tools.tbx\CalculateField" Date="20140624" Time="142500">CalculateField E:/GitHub/ToxicsRedo/StationsToLocate/FinalList\All_Final.gdb/All_stations_final LAKE_NAME !NAME_1! PYTHON_9.3 #</Process><Process ToolSource="c:\program files\arcgis\desktop10.1\ArcToolbox\Toolboxes\Data Management Tools.tbx\DeleteField" Date="20140624" Time="142506">DeleteField E:/GitHub/ToxicsRedo/StationsToLocate/FinalList\All_Final.gdb/All_stations_final NAME_1</Process><Process ToolSource="c:\program files\arcgis\desktop10.1\ArcToolbox\Toolboxes\Data Management Tools.tbx\AddField" Date="20140624" Time="142513">AddField E:/GitHub/ToxicsRedo/StationsToLocate/FinalList\All_Final.gdb/All_stations_final GIS_Source String # # # # NULLABLE NON_REQUIRED #</Process><Process ToolSource="c:\program files\arcgis\desktop10.1\ArcToolbox\Toolboxes\Data Management Tools.tbx\CalculateField" Date="20140624" Time="142520">CalculateField E:/GitHub/ToxicsRedo/StationsToLocate/FinalList\All_Final.gdb/All_stations_final GIS_Source !Source! PYTHON_9.3 #</Process><Process ToolSource="c:\program files\arcgis\desktop10.1\ArcToolbox\Toolboxes\Data Management Tools.tbx\DeleteField" Date="20140624" Time="142526">DeleteField E:/GitHub/ToxicsRedo/StationsToLocate/FinalList\All_Final.gdb/All_stations_final Source</Process><Process ToolSource="c:\program files\arcgis\desktop10.1\ArcToolbox\Toolboxes\Data Management Tools.tbx\AddField" Date="20140624" Time="142533">AddField E:/GitHub/ToxicsRedo/StationsToLocate/FinalList\All_Final.gdb/All_stations_final GIS_Source_LAKE String # # # # NULLABLE NON_REQUIRED #</Process><Process ToolSource="c:\program files\arcgis\desktop10.1\ArcToolbox\Toolboxes\Data Management Tools.tbx\CalculateField" Date="20140624" Time="142540">CalculateField E:/GitHub/ToxicsRedo/StationsToLocate/FinalList\All_Final.gdb/All_stations_final GIS_Source_LAKE !SOURCE_1! PYTHON_9.3 #</Process><Process ToolSource="c:\program files\arcgis\desktop10.1\ArcToolbox\Toolboxes\Data Management Tools.tbx\DeleteField" Date="20140624" Time="142545">DeleteField E:/GitHub/ToxicsRedo/StationsToLocate/FinalList\All_Final.gdb/All_stations_final SOURCE_1</Process><Process ToolSource="c:\program files\arcgis\desktop10.1\ArcToolbox\Toolboxes\Data Management Tools.tbx\CopyFeatures" Date="20140630" Time="123351">CopyFeatures E:/GitHub/ToxicsRedo/StationsToLocate/FinalList/All_Final.gdb/All_stations_final E:/GitHub/ToxicsRedo/Estuary_Analysis\Estuaries.gdb\All_stations_final_est # 0 0 0</Process><Process ToolSource="c:\program files\arcgis\desktop10.1\ArcToolbox\Toolboxes\Data Management Tools.tbx\JoinField" Date="20140630" Time="123417">JoinField E:/GitHub/ToxicsRedo/Estuary_Analysis\Estuaries.gdb/All_stations_final_est STATION E:/GitHub/ToxicsRedo/Estuary_Analysis\Estuaries.gdb/stations_subset_est2010_consal_Manual STATION Estuary_2010;Sal_ppth;Est_Sal;Est_Final;Est_Comments</Process><Process ToolSource="c:\program files\arcgis\desktop10.1\ArcToolbox\Toolboxes\Data Management Tools.tbx\CalculateField" Date="20140630" Time="123435">CalculateField stations_final Est_Final "Freshwater" VB #</Process><Process ToolSource="c:\program files\arcgis\desktop10.1\ArcToolbox\Toolboxes\Conversion Tools.tbx\FeatureClassToFeatureClass" Date="20140630" Time="134651">FeatureClassToFeatureClass E:\GitHub\ToxicsRedo\Estuary_Analysis\Estuaries.gdb\All_stations_final_est E:\GitHub\ToxicsRedo\Estuary_Analysis All_stations_final_est.shp # "LLID "LLID" true true false 8 Double 0 0 ,First,#,E:\GitHub\ToxicsRedo\Estuary_Analysis\Estuaries.gdb\All_stations_final_est,LLID,-1,-1;LAKE_LLID "LAKE_LLID" true true false 8 Double 0 0 ,First,#,E:\GitHub\ToxicsRedo\Estuary_Analysis\Estuaries.gdb\All_stations_final_est,LAKE_LLID,-1,-1;AGENCY "AGENCY" true true false 255 Text 0 0 ,First,#,E:\GitHub\ToxicsRedo\Estuary_Analysis\Estuaries.gdb\All_stations_final_est,AGENCY,-1,-1;AGENCY_ID "AGENCY_ID" true true false 255 Text 0 0 ,First,#,E:\GitHub\ToxicsRedo\Estuary_Analysis\Estuaries.gdb\All_stations_final_est,AGENCY_ID,-1,-1;STATION "STATION" true true false 255 Text 0 0 ,First,#,E:\GitHub\ToxicsRedo\Estuary_Analysis\Estuaries.gdb\All_stations_final_est,STATION,-1,-1;DEC_LAT "DEC_LAT" true true false 8 Double 0 0 ,First,#,E:\GitHub\ToxicsRedo\Estuary_Analysis\Estuaries.gdb\All_stations_final_est,DEC_LAT,-1,-1;DEC_LONG "DEC_LONG" true true false 8 Double 0 0 ,First,#,E:\GitHub\ToxicsRedo\Estuary_Analysis\Estuaries.gdb\All_stations_final_est,DEC_LONG,-1,-1;DESCRIPTIO "DESCRIPTION" true true false 255 Text 0 0 ,First,#,E:\GitHub\ToxicsRedo\Estuary_Analysis\Estuaries.gdb\All_stations_final_est,DESCRIPTION,-1,-1;QAQC1 "QAQC1" true true false 255 Text 0 0 ,First,#,E:\GitHub\ToxicsRedo\Estuary_Analysis\Estuaries.gdb\All_stations_final_est,QAQC1,-1,-1;QAQC2 "QAQC2" true true false 255 Text 0 0 ,First,#,E:\GitHub\ToxicsRedo\Estuary_Analysis\Estuaries.gdb\All_stations_final_est,QAQC2,-1,-1;Comments "Comments" true true false 255 Text 0 0 ,First,#,E:\GitHub\ToxicsRedo\Estuary_Analysis\Estuaries.gdb\All_stations_final_est,Comments,-1,-1;RIVER_MILE "RIVER_MILE" true true false 8 Double 0 0 ,First,#,E:\GitHub\ToxicsRedo\Estuary_Analysis\Estuaries.gdb\All_stations_final_est,RIVER_MILE,-1,-1;HUC_6 "HUC_6" true true false 6 Text 0 0 ,First,#,E:\GitHub\ToxicsRedo\Estuary_Analysis\Estuaries.gdb\All_stations_final_est,HUC_6,-1,-1;HU_6_Name "HU_6_Name" true true false 120 Text 0 0 ,First,#,E:\GitHub\ToxicsRedo\Estuary_Analysis\Estuaries.gdb\All_stations_final_est,HU_6_Name,-1,-1;HUC_8 "HUC_8" true true false 8 Text 0 0 ,First,#,E:\GitHub\ToxicsRedo\Estuary_Analysis\Estuaries.gdb\All_stations_final_est,HUC_8,-1,-1;HU_8_Name "HU_8_Name" true true false 120 Text 0 0 ,First,#,E:\GitHub\ToxicsRedo\Estuary_Analysis\Estuaries.gdb\All_stations_final_est,HU_8_Name,-1,-1;GIS_STREAM "GIS_STREAMNAME" true true false 255 Text 0 0 ,First,#,E:\GitHub\ToxicsRedo\Estuary_Analysis\Estuaries.gdb\All_stations_final_est,GIS_STREAMNAME,-1,-1;LAKE_NAME "LAKE_NAME" true true false 255 Text 0 0 ,First,#,E:\GitHub\ToxicsRedo\Estuary_Analysis\Estuaries.gdb\All_stations_final_est,LAKE_NAME,-1,-1;GIS_Source "GIS_Source" true true false 255 Text 0 0 ,First,#,E:\GitHub\ToxicsRedo\Estuary_Analysis\Estuaries.gdb\All_stations_final_est,GIS_Source,-1,-1;GIS_Sour_1 "GIS_Source_LAKE" true true false 255 Text 0 0 ,First,#,E:\GitHub\ToxicsRedo\Estuary_Analysis\Estuaries.gdb\All_stations_final_est,GIS_Source_LAKE,-1,-1;Estuary_20 "Estuary_2010" true true false 255 Text 0 0 ,First,#,E:\GitHub\ToxicsRedo\Estuary_Analysis\Estuaries.gdb\All_stations_final_est,Estuary_2010,-1,-1;Sal_ppth "Sal_ppth" true true false 8 Double 0 0 ,First,#,E:\GitHub\ToxicsRedo\Estuary_Analysis\Estuaries.gdb\All_stations_final_est,Sal_ppth,-1,-1;Est_Sal "Est_Sal" true true false 255 Text 0 0 ,First,#,E:\GitHub\ToxicsRedo\Estuary_Analysis\Estuaries.gdb\All_stations_final_est,Est_Sal,-1,-1;Est_Final "Est_Final" true true false 50 Text 0 0 ,First,#,E:\GitHub\ToxicsRedo\Estuary_Analysis\Estuaries.gdb\All_stations_final_est,Est_Final,-1,-1;Est_Commen "Est_Comments" true true false 50 Text 0 0 ,First,#,E:\GitHub\ToxicsRedo\Estuary_Analysis\Estuaries.gdb\All_stations_final_est,Est_Comments,-1,-1" #</Process></lineage></DataProperties><SyncDate>20140630</SyncDate><SyncTime>13464800</SyncTime><ModDate>20140630</ModDate><ModTime>13464800</ModTime><ArcGISstyle>FGDC CSDGM Metadata</ArcGISstyle></Esri><dataIdInfo><envirDesc Sync="TRUE">Microsoft Windows 7 Version 6.1 (Build 7601) Service Pack 1; Esri ArcGIS 10.1.1.3143</envirDesc><dataLang><languageCode value="eng" Sync="TRUE"></languageCode><countryCode value="USA" Sync="TRUE"></countryCode></dataLang><idCitation><resTitle Sync="TRUE">All_stations_final_est</resTitle><presForm><PresFormCd value="005" Sync="TRUE"></PresFormCd></presForm></idCitation><spatRpType><SpatRepTypCd value="001" Sync="TRUE"></SpatRepTypCd></spatRpType></dataIdInfo><mdLang><languageCode value="eng" Sync="TRUE"></languageCode><countryCode value="USA" Sync="TRUE"></countryCode></mdLang><mdChar><CharSetCd value="004" Sync="TRUE"></CharSetCd></mdChar><distInfo><distFormat><formatName Sync="TRUE">Shapefile</formatName></distFormat><distTranOps><transSize Sync="TRUE">0.000</transSize></distTranOps></distInfo><mdHrLv><ScopeCd value="005" Sync="TRUE"></ScopeCd></mdHrLv><mdHrLvName Sync="TRUE">dataset</mdHrLvName><refSysInfo><RefSystem><refSysID><identCode code="2992" Sync="TRUE"></identCode><idCodeSpace Sync="TRUE">EPSG</idCodeSpace><idVersion Sync="TRUE">7.11.2</idVersion></refSysID></RefSystem></refSysInfo><spatRepInfo><VectSpatRep><geometObjs Name="All_stations_final_est"><geoObjTyp><GeoObjTypCd value="004" Sync="TRUE"></GeoObjTypCd></geoObjTyp><geoObjCnt Sync="TRUE">0</geoObjCnt></geometObjs><topLvl><TopoLevCd value="001" Sync="TRUE"></TopoLevCd></topLvl></VectSpatRep></spatRepInfo><spdoinfo><ptvctinf><esriterm Name="All_stations_final_est"><efeatyp Sync="TRUE">Simple</efeatyp><efeageom code="1" Sync="TRUE"></efeageom><esritopo Sync="TRUE">FALSE</esritopo><efeacnt Sync="TRUE">0</efeacnt><spindex Sync="TRUE">FALSE</spindex><linrefer Sync="TRUE">FALSE</linrefer></esriterm></ptvctinf></spdoinfo><eainfo><detailed Name="All_stations_final_est"><enttyp><enttypl Sync="TRUE">All_stations_final_est</enttypl><enttypt Sync="TRUE">Feature Class</enttypt><enttypc Sync="TRUE">0</enttypc></enttyp><attr><attrlabl Sync="TRUE">FID</attrlabl><attalias Sync="TRUE">FID</attalias><attrtype Sync="TRUE">OID</attrtype><attwidth Sync="TRUE">4</attwidth><atprecis Sync="TRUE">0</atprecis><attscale Sync="TRUE">0</attscale><attrdef Sync="TRUE">Internal feature number.</attrdef><attrdefs Sync="TRUE">Esri</attrdefs><attrdomv><udom Sync="TRUE">Sequential unique whole numbers that are automatically generated.</udom></attrdomv></attr><attr><attrlabl Sync="TRUE">Shape</attrlabl><attalias Sync="TRUE">Shape</attalias><attrtype Sync="TRUE">Geometry</attrtype><attwidth Sync="TRUE">0</attwidth><atprecis Sync="TRUE">0</atprecis><attscale Sync="TRUE">0</attscale><attrdef Sync="TRUE">Feature geometry.</attrdef><attrdefs Sync="TRUE">Esri</attrdefs><attrdomv><udom Sync="TRUE">Coordinates defining the features.</udom></attrdomv></attr><attr><attrlabl Sync="TRUE">AGENCY</attrlabl><attalias Sync="TRUE">AGENCY</attalias><attrtype Sync="TRUE">String</attrtype><attwidth Sync="TRUE">254</attwidth><atprecis Sync="TRUE">0</atprecis><attscale Sync="TRUE">0</attscale></attr><attr><attrlabl Sync="TRUE">LLID</attrlabl><attalias Sync="TRUE">LLID</attalias><attrtype Sync="TRUE">Double</attrtype><attwidth Sync="TRUE">19</attwidth><atprecis Sync="TRUE">0</atprecis><attscale Sync="TRUE">0</attscale></attr><attr><attrlabl Sync="TRUE">AGENCY_ID</attrlabl><attalias Sync="TRUE">AGENCY_ID</attalias><attrtype Sync="TRUE">String</attrtype><attwidth Sync="TRUE">254</attwidth><atprecis Sync="TRUE">0</atprecis><attscale Sync="TRUE">0</attscale></attr><attr><attrlabl Sync="TRUE">DEC_LAT</attrlabl><attalias Sync="TRUE">DEC_LAT</attalias><attrtype Sync="TRUE">Double</attrtype><attwidth Sync="TRUE">19</attwidth><atprecis Sync="TRUE">0</atprecis><attscale Sync="TRUE">0</attscale></attr><attr><attrlabl Sync="TRUE">DEC_LONG</attrlabl><attalias Sync="TRUE">DEC_LONG</attalias><attrtype Sync="TRUE">Double</attrtype><attwidth Sync="TRUE">19</attwidth><atprecis Sync="TRUE">0</atprecis><attscale Sync="TRUE">0</attscale></attr><attr><attrlabl Sync="TRUE">STATION</attrlabl><attalias Sync="TRUE">STATION</attalias><attrtype Sync="TRUE">String</attrtype><attwidth Sync="TRUE">254</attwidth><atprecis Sync="TRUE">0</atprecis><attscale Sync="TRUE">0</attscale></attr><attr><attrlabl Sync="TRUE">LAKE_LLID</attrlabl><attalias Sync="TRUE">LAKE_LLID</attalias><attrtype Sync="TRUE">Double</attrtype><attwidth Sync="TRUE">19</attwidth><atprecis Sync="TRUE">0</atprecis><attscale Sync="TRUE">0</attscale></attr><attr><attrlabl Sync="TRUE">DESCRIPTIO</attrlabl><attalias Sync="TRUE">DESCRIPTIO</attalias><attrtype Sync="TRUE">String</attrtype><attwidth Sync="TRUE">254</attwidth><atprecis Sync="TRUE">0</atprecis><attscale Sync="TRUE">0</attscale></attr><attr><attrlabl Sync="TRUE">LAKE_NAME</attrlabl><attalias Sync="TRUE">LAKE_NAME</attalias><attrtype Sync="TRUE">String</attrtype><attwidth Sync="TRUE">254</attwidth><atprecis Sync="TRUE">0</atprecis><attscale Sync="TRUE">0</attscale></attr><attr><attrlabl Sync="TRUE">QAQC1</attrlabl><attalias Sync="TRUE">QAQC1</attalias><attrtype Sync="TRUE">String</attrtype><attwidth Sync="TRUE">254</attwidth><atprecis Sync="TRUE">0</atprecis><attscale Sync="TRUE">0</attscale></attr><attr><attrlabl Sync="TRUE">QAQC2</attrlabl><attalias Sync="TRUE">QAQC2</attalias><attrtype Sync="TRUE">String</attrtype><attwidth Sync="TRUE">254</attwidth><atprecis Sync="TRUE">0</atprecis><attscale Sync="TRUE">0</attscale></attr><attr><attrlabl Sync="TRUE">Comments</attrlabl><attalias Sync="TRUE">Comments</attalias><attrtype Sync="TRUE">String</attrtype><attwidth Sync="TRUE">254</attwidth><atprecis Sync="TRUE">0</atprecis><attscale Sync="TRUE">0</attscale></attr><attr><attrlabl Sync="TRUE">RIVER_MILE</attrlabl><attalias Sync="TRUE">RIVER_MILE</attalias><attrtype Sync="TRUE">Double</attrtype><attwidth Sync="TRUE">19</attwidth><atprecis Sync="TRUE">0</atprecis><attscale Sync="TRUE">0</attscale></attr><attr><attrlabl Sync="TRUE">HUC_6</attrlabl><attalias Sync="TRUE">HUC_6</attalias><attrtype Sync="TRUE">String</attrtype><attwidth Sync="TRUE">6</attwidth><atprecis Sync="TRUE">0</atprecis><attscale Sync="TRUE">0</attscale></attr><attr><attrlabl Sync="TRUE">HU_6_Name</attrlabl><attalias Sync="TRUE">HU_6_Name</attalias><attrtype Sync="TRUE">String</attrtype><attwidth Sync="TRUE">120</attwidth><atprecis Sync="TRUE">0</atprecis><attscale Sync="TRUE">0</attscale></attr><attr><attrlabl Sync="TRUE">HUC_8</attrlabl><attalias Sync="TRUE">HUC_8</attalias><attrtype Sync="TRUE">String</attrtype><attwidth Sync="TRUE">8</attwidth><atprecis Sync="TRUE">0</atprecis><attscale Sync="TRUE">0</attscale></attr><attr><attrlabl Sync="TRUE">GIS_STREAM</attrlabl><attalias Sync="TRUE">GIS_STREAM</attalias><attrtype Sync="TRUE">String</attrtype><attwidth Sync="TRUE">254</attwidth><atprecis Sync="TRUE">0</atprecis><attscale Sync="TRUE">0</attscale></attr><attr><attrlabl Sync="TRUE">HU_8_Name</attrlabl><attalias Sync="TRUE">HU_8_Name</attalias><attrtype Sync="TRUE">String</attrtype><attwidth Sync="TRUE">120</attwidth><atprecis Sync="TRUE">0</atprecis><attscale Sync="TRUE">0</attscale></attr><attr><attrlabl Sync="TRUE">GIS_Source</attrlabl><attalias Sync="TRUE">GIS_Source</attalias><attrtype Sync="TRUE">String</attrtype><attwidth Sync="TRUE">254</attwidth><atprecis Sync="TRUE">0</atprecis><attscale Sync="TRUE">0</attscale></attr><attr><attrlabl Sync="TRUE">GIS_Sour_1</attrlabl><attalias Sync="TRUE">GIS_Sour_1</attalias><attrtype Sync="TRUE">String</attrtype><attwidth Sync="TRUE">254</attwidth><atprecis Sync="TRUE">0</atprecis><attscale Sync="TRUE">0</attscale></attr><attr><attrlabl Sync="TRUE">Estuary_20</attrlabl><attalias Sync="TRUE">Estuary_20</attalias><attrtype Sync="TRUE">String</attrtype><attwidth Sync="TRUE">254</attwidth><atprecis Sync="TRUE">0</atprecis><attscale Sync="TRUE">0</attscale></attr><attr><attrlabl Sync="TRUE">Sal_ppth</attrlabl><attalias Sync="TRUE">Sal_ppth</attalias><attrtype Sync="TRUE">Double</attrtype><attwidth Sync="TRUE">19</attwidth><atprecis Sync="TRUE">0</atprecis><attscale Sync="TRUE">0</attscale></attr><attr><attrlabl Sync="TRUE">Est_Sal</attrlabl><attalias Sync="TRUE">Est_Sal</attalias><attrtype Sync="TRUE">String</attrtype><attwidth Sync="TRUE">254</attwidth><atprecis Sync="TRUE">0</atprecis><attscale Sync="TRUE">0</attscale></attr><attr><attrlabl Sync="TRUE">Est_Final</attrlabl><attalias Sync="TRUE">Est_Final</attalias><attrtype Sync="TRUE">String</attrtype><attwidth Sync="TRUE">50</attwidth><atprecis Sync="TRUE">0</atprecis><attscale Sync="TRUE">0</attscale></attr><attr><attrlabl Sync="TRUE">Est_Commen</attrlabl><attalias Sync="TRUE">Est_Commen</attalias><attrtype Sync="TRUE">String</attrtype><attwidth Sync="TRUE">50</attwidth><atprecis Sync="TRUE">0</atprecis><attscale Sync="TRUE">0</attscale></attr></detailed></eainfo><mdDateSt Sync="TRUE">20140630</mdDateSt></metadata>
